qtl_type	job_id	disease	ancestry	panel_label	locus_id	gene	chr	start_bp	end_bp	target_snp	target_p	bfile	gwas_summary	smr_besd_prefix	out_prefix	command_error	command	ST22_Gene_Name	ST22_Model	ST22_Gene_ID
Expr	all_gene_tss.CD.EUR.UVA_Expr.ENSG00000037042	CD	EUR	UVA_Expr	ENSG00000037042	ENSG00000037042	17	41659284	43659284	rs3785901	5.09282115932941e-05	/data/l2_bioinfo1/lyul1/Reference/1KG_hg38/allsamples/EUR/processed/no.dup/chr17.EUR	/data/l2_bioinfo1/lyul1/IBD/metal_update/withUKB/gc_0.01/GC_Final/processed/forsmr_afreq/EUR_CD.alt.harmo.ma	/data/l2_bioinfo1/lyul1/IBD/SMR/xQTLs_harmonized/EUR/Expr/UVA_Expr.cis_qtl_pairs.allchr	/data/l2_bioinfo1/lyul1/IBD/SMR/smr_res/CD/EUR/UVA_Expr/ENSG00000037042	""	mkdir -p '/data/l2_bioinfo1/lyul1/IBD/SMR/smr_res/CD/EUR/UVA_Expr' && '/data/l2_bioinfo1/lyul1/tools/smr-1.4.1-linux-x86_64/smr' --bfile '/data/l2_bioinfo1/lyul1/Reference/1KG_hg38/allsamples/EUR/processed/no.dup/chr17.EUR' --gwas-summary '/data/l2_bioinfo1/lyul1/IBD/metal_update/withUKB/gc_0.01/GC_Final/processed/forsmr_afreq/EUR_CD.alt.harmo.ma' --beqtl-summary '/data/l2_bioinfo1/lyul1/IBD/SMR/xQTLs_harmonized/EUR/Expr/UVA_Expr.cis_qtl_pairs.allchr' --heidi-min-m 3 --diff-freq-prop 0.5 --target-snp 'rs3785901' --out '/data/l2_bioinfo1/lyul1/IBD/SMR/smr_res/CD/EUR/UVA_Expr/ENSG00000037042'	TUBG2	TWAS	ENSG00000037042
Expr	all_gene_tss.CD.EUR.UVA_Expr.ENSG00000083799	CD	EUR	UVA_Expr	ENSG00000083799	ENSG00000083799	16	49742050	51742050	rs11642482	5.8427126144966e-05	/data/l2_bioinfo1/lyul1/Reference/1KG_hg38/allsamples/EUR/processed/no.dup/chr16.EUR	/data/l2_bioinfo1/lyul1/IBD/metal_update/withUKB/gc_0.01/GC_Final/processed/forsmr_afreq/EUR_CD.alt.harmo.ma	/data/l2_bioinfo1/lyul1/IBD/SMR/xQTLs_harmonized/EUR/Expr/UVA_Expr.cis_qtl_pairs.allchr	/data/l2_bioinfo1/lyul1/IBD/SMR/smr_res/CD/EUR/UVA_Expr/ENSG00000083799	""	mkdir -p '/data/l2_bioinfo1/lyul1/IBD/SMR/smr_res/CD/EUR/UVA_Expr' && '/data/l2_bioinfo1/lyul1/tools/smr-1.4.1-linux-x86_64/smr' --bfile '/data/l2_bioinfo1/lyul1/Reference/1KG_hg38/allsamples/EUR/processed/no.dup/chr16.EUR' --gwas-summary '/data/l2_bioinfo1/lyul1/IBD/metal_update/withUKB/gc_0.01/GC_Final/processed/forsmr_afreq/EUR_CD.alt.harmo.ma' --beqtl-summary '/data/l2_bioinfo1/lyul1/IBD/SMR/xQTLs_harmonized/EUR/Expr/UVA_Expr.cis_qtl_pairs.allchr' --heidi-min-m 3 --diff-freq-prop 0.5 --target-snp 'rs11642482' --out '/data/l2_bioinfo1/lyul1/IBD/SMR/smr_res/CD/EUR/UVA_Expr/ENSG00000083799'	CYLD	TWAS	ENSG00000083799
Expr	all_gene_tss.CD.EUR.UVA_Expr.ENSG00000084710	CD	EUR	UVA_Expr	ENSG00000084710	ENSG00000084710	2	24042076	26042076	rs6738297	3.54884567630218e-25	/data/l2_bioinfo1/lyul1/Reference/1KG_hg38/allsamples/EUR/processed/no.dup/chr2.EUR	/data/l2_bioinfo1/lyul1/IBD/metal_update/withUKB/gc_0.01/GC_Final/processed/forsmr_afreq/EUR_CD.alt.harmo.ma	/data/l2_bioinfo1/lyul1/IBD/SMR/xQTLs_harmonized/EUR/Expr/UVA_Expr.cis_qtl_pairs.allchr	/data/l2_bioinfo1/lyul1/IBD/SMR/smr_res/CD/EUR/UVA_Expr/ENSG00000084710	""	mkdir -p '/data/l2_bioinfo1/lyul1/IBD/SMR/smr_res/CD/EUR/UVA_Expr' && '/data/l2_bioinfo1/lyul1/tools/smr-1.4.1-linux-x86_64/smr' --bfile '/data/l2_bioinfo1/lyul1/Reference/1KG_hg38/allsamples/EUR/processed/no.dup/chr2.EUR' --gwas-summary '/data/l2_bioinfo1/lyul1/IBD/metal_update/withUKB/gc_0.01/GC_Final/processed/forsmr_afreq/EUR_CD.alt.harmo.ma' --beqtl-summary '/data/l2_bioinfo1/lyul1/IBD/SMR/xQTLs_harmonized/EUR/Expr/UVA_Expr.cis_qtl_pairs.allchr' --heidi-min-m 3 --diff-freq-prop 0.5 --target-snp 'rs6738297' --out '/data/l2_bioinfo1/lyul1/IBD/SMR/smr_res/CD/EUR/UVA_Expr/ENSG00000084710'	EFR3B	TWAS	ENSG00000084710
Expr	all_gene_tss.CD.EUR.UVA_Expr.ENSG00000085978	CD	EUR	UVA_Expr	ENSG00000085978	ENSG00000085978	2	232210051	234210051	rs13003866	3.82324050370056e-24	/data/l2_bioinfo1/lyul1/Reference/1KG_hg38/allsamples/EUR/processed/no.dup/chr2.EUR	/data/l2_bioinfo1/lyul1/IBD/metal_update/withUKB/gc_0.01/GC_Final/processed/forsmr_afreq/EUR_CD.alt.harmo.ma	/data/l2_bioinfo1/lyul1/IBD/SMR/xQTLs_harmonized/EUR/Expr/UVA_Expr.cis_qtl_pairs.allchr	/data/l2_bioinfo1/lyul1/IBD/SMR/smr_res/CD/EUR/UVA_Expr/ENSG00000085978	""	mkdir -p '/data/l2_bioinfo1/lyul1/IBD/SMR/smr_res/CD/EUR/UVA_Expr' && '/data/l2_bioinfo1/lyul1/tools/smr-1.4.1-linux-x86_64/smr' --bfile '/data/l2_bioinfo1/lyul1/Reference/1KG_hg38/allsamples/EUR/processed/no.dup/chr2.EUR' --gwas-summary '/data/l2_bioinfo1/lyul1/IBD/metal_update/withUKB/gc_0.01/GC_Final/processed/forsmr_afreq/EUR_CD.alt.harmo.ma' --beqtl-summary '/data/l2_bioinfo1/lyul1/IBD/SMR/xQTLs_harmonized/EUR/Expr/UVA_Expr.cis_qtl_pairs.allchr' --heidi-min-m 3 --diff-freq-prop 0.5 --target-snp 'rs13003866' --out '/data/l2_bioinfo1/lyul1/IBD/SMR/smr_res/CD/EUR/UVA_Expr/ENSG00000085978'	ATG16L1	TWAS	ENSG00000085978
Expr	all_gene_tss.CD.EUR.UVA_Expr.ENSG00000086544	CD	EUR	UVA_Expr	ENSG00000086544	ENSG00000086544	19	39717112	41717112	rs7251246	3.10862998385177e-12	/data/l2_bioinfo1/lyul1/Reference/1KG_hg38/allsamples/EUR/processed/no.dup/chr19.EUR	/data/l2_bioinfo1/lyul1/IBD/metal_update/withUKB/gc_0.01/GC_Final/processed/forsmr_afreq/EUR_CD.alt.harmo.ma	/data/l2_bioinfo1/lyul1/IBD/SMR/xQTLs_harmonized/EUR/Expr/UVA_Expr.cis_qtl_pairs.allchr	/data/l2_bioinfo1/lyul1/IBD/SMR/smr_res/CD/EUR/UVA_Expr/ENSG00000086544	""	mkdir -p '/data/l2_bioinfo1/lyul1/IBD/SMR/smr_res/CD/EUR/UVA_Expr' && '/data/l2_bioinfo1/lyul1/tools/smr-1.4.1-linux-x86_64/smr' --bfile '/data/l2_bioinfo1/lyul1/Reference/1KG_hg38/allsamples/EUR/processed/no.dup/chr19.EUR' --gwas-summary '/data/l2_bioinfo1/lyul1/IBD/metal_update/withUKB/gc_0.01/GC_Final/processed/forsmr_afreq/EUR_CD.alt.harmo.ma' --beqtl-summary '/data/l2_bioinfo1/lyul1/IBD/SMR/xQTLs_harmonized/EUR/Expr/UVA_Expr.cis_qtl_pairs.allchr' --heidi-min-m 3 --diff-freq-prop 0.5 --target-snp 'rs7251246' --out '/data/l2_bioinfo1/lyul1/IBD/SMR/smr_res/CD/EUR/UVA_Expr/ENSG00000086544'	ITPKC	TWAS; coloc eQTL	ENSG00000086544
Expr	all_gene_tss.CD.EUR.UVA_Expr.ENSG00000096968	CD	EUR	UVA_Expr	ENSG00000096968	ENSG00000096968	9	3984390	5984390	rs10121316	2.03260663576185e-09	/data/l2_bioinfo1/lyul1/Reference/1KG_hg38/allsamples/EUR/processed/no.dup/chr9.EUR	/data/l2_bioinfo1/lyul1/IBD/metal_update/withUKB/gc_0.01/GC_Final/processed/forsmr_afreq/EUR_CD.alt.harmo.ma	/data/l2_bioinfo1/lyul1/IBD/SMR/xQTLs_harmonized/EUR/Expr/UVA_Expr.cis_qtl_pairs.allchr	/data/l2_bioinfo1/lyul1/IBD/SMR/smr_res/CD/EUR/UVA_Expr/ENSG00000096968	""	mkdir -p '/data/l2_bioinfo1/lyul1/IBD/SMR/smr_res/CD/EUR/UVA_Expr' && '/data/l2_bioinfo1/lyul1/tools/smr-1.4.1-linux-x86_64/smr' --bfile '/data/l2_bioinfo1/lyul1/Reference/1KG_hg38/allsamples/EUR/processed/no.dup/chr9.EUR' --gwas-summary '/data/l2_bioinfo1/lyul1/IBD/metal_update/withUKB/gc_0.01/GC_Final/processed/forsmr_afreq/EUR_CD.alt.harmo.ma' --beqtl-summary '/data/l2_bioinfo1/lyul1/IBD/SMR/xQTLs_harmonized/EUR/Expr/UVA_Expr.cis_qtl_pairs.allchr' --heidi-min-m 3 --diff-freq-prop 0.5 --target-snp 'rs10121316' --out '/data/l2_bioinfo1/lyul1/IBD/SMR/smr_res/CD/EUR/UVA_Expr/ENSG00000096968'	JAK2	TWAS	ENSG00000096968
Expr	all_gene_tss.CD.EUR.UVA_Expr.ENSG00000100321	CD	EUR	UVA_Expr	ENSG00000100321	ENSG00000100321	22	38349925	40349925	rs909685	4.59480406658051e-13	/data/l2_bioinfo1/lyul1/Reference/1KG_hg38/allsamples/EUR/processed/no.dup/chr22.EUR	/data/l2_bioinfo1/lyul1/IBD/metal_update/withUKB/gc_0.01/GC_Final/processed/forsmr_afreq/EUR_CD.alt.harmo.ma	/data/l2_bioinfo1/lyul1/IBD/SMR/xQTLs_harmonized/EUR/Expr/UVA_Expr.cis_qtl_pairs.allchr	/data/l2_bioinfo1/lyul1/IBD/SMR/smr_res/CD/EUR/UVA_Expr/ENSG00000100321	""	mkdir -p '/data/l2_bioinfo1/lyul1/IBD/SMR/smr_res/CD/EUR/UVA_Expr' && '/data/l2_bioinfo1/lyul1/tools/smr-1.4.1-linux-x86_64/smr' --bfile '/data/l2_bioinfo1/lyul1/Reference/1KG_hg38/allsamples/EUR/processed/no.dup/chr22.EUR' --gwas-summary '/data/l2_bioinfo1/lyul1/IBD/metal_update/withUKB/gc_0.01/GC_Final/processed/forsmr_afreq/EUR_CD.alt.harmo.ma' --beqtl-summary '/data/l2_bioinfo1/lyul1/IBD/SMR/xQTLs_harmonized/EUR/Expr/UVA_Expr.cis_qtl_pairs.allchr' --heidi-min-m 3 --diff-freq-prop 0.5 --target-snp 'rs909685' --out '/data/l2_bioinfo1/lyul1/IBD/SMR/smr_res/CD/EUR/UVA_Expr/ENSG00000100321'	SYNGR1	TWAS	ENSG00000100321
Expr	all_gene_tss.CD.EUR.UVA_Expr.ENSG00000101017	CD	EUR	UVA_Expr	ENSG00000101017	ENSG00000101017	20	45118271	47118271	rs4239702	5.2788237447871e-07	/data/l2_bioinfo1/lyul1/Reference/1KG_hg38/allsamples/EUR/processed/no.dup/chr20.EUR	/data/l2_bioinfo1/lyul1/IBD/metal_update/withUKB/gc_0.01/GC_Final/processed/forsmr_afreq/EUR_CD.alt.harmo.ma	/data/l2_bioinfo1/lyul1/IBD/SMR/xQTLs_harmonized/EUR/Expr/UVA_Expr.cis_qtl_pairs.allchr	/data/l2_bioinfo1/lyul1/IBD/SMR/smr_res/CD/EUR/UVA_Expr/ENSG00000101017	""	mkdir -p '/data/l2_bioinfo1/lyul1/IBD/SMR/smr_res/CD/EUR/UVA_Expr' && '/data/l2_bioinfo1/lyul1/tools/smr-1.4.1-linux-x86_64/smr' --bfile '/data/l2_bioinfo1/lyul1/Reference/1KG_hg38/allsamples/EUR/processed/no.dup/chr20.EUR' --gwas-summary '/data/l2_bioinfo1/lyul1/IBD/metal_update/withUKB/gc_0.01/GC_Final/processed/forsmr_afreq/EUR_CD.alt.harmo.ma' --beqtl-summary '/data/l2_bioinfo1/lyul1/IBD/SMR/xQTLs_harmonized/EUR/Expr/UVA_Expr.cis_qtl_pairs.allchr' --heidi-min-m 3 --diff-freq-prop 0.5 --target-snp 'rs4239702' --out '/data/l2_bioinfo1/lyul1/IBD/SMR/smr_res/CD/EUR/UVA_Expr/ENSG00000101017'	CD40	TWAS	ENSG00000101017
Expr	all_gene_tss.CD.EUR.UVA_Expr.ENSG00000115138	CD	EUR	UVA_Expr	ENSG00000115138	ENSG00000115138	2	24168903	26168903	rs116074763	8.52385591374334e-09	/data/l2_bioinfo1/lyul1/Reference/1KG_hg38/allsamples/EUR/processed/no.dup/chr2.EUR	/data/l2_bioinfo1/lyul1/IBD/metal_update/withUKB/gc_0.01/GC_Final/processed/forsmr_afreq/EUR_CD.alt.harmo.ma	/data/l2_bioinfo1/lyul1/IBD/SMR/xQTLs_harmonized/EUR/Expr/UVA_Expr.cis_qtl_pairs.allchr	/data/l2_bioinfo1/lyul1/IBD/SMR/smr_res/CD/EUR/UVA_Expr/ENSG00000115138	""	mkdir -p '/data/l2_bioinfo1/lyul1/IBD/SMR/smr_res/CD/EUR/UVA_Expr' && '/data/l2_bioinfo1/lyul1/tools/smr-1.4.1-linux-x86_64/smr' --bfile '/data/l2_bioinfo1/lyul1/Reference/1KG_hg38/allsamples/EUR/processed/no.dup/chr2.EUR' --gwas-summary '/data/l2_bioinfo1/lyul1/IBD/metal_update/withUKB/gc_0.01/GC_Final/processed/forsmr_afreq/EUR_CD.alt.harmo.ma' --beqtl-summary '/data/l2_bioinfo1/lyul1/IBD/SMR/xQTLs_harmonized/EUR/Expr/UVA_Expr.cis_qtl_pairs.allchr' --heidi-min-m 3 --diff-freq-prop 0.5 --target-snp 'rs116074763' --out '/data/l2_bioinfo1/lyul1/IBD/SMR/smr_res/CD/EUR/UVA_Expr/ENSG00000115138'	POMC	TWAS	ENSG00000115138
Expr	all_gene_tss.CD.EUR.UVA_Expr.ENSG00000115602	CD	EUR	UVA_Expr	ENSG00000115602	ENSG00000115602	2	101311502	103311502	rs80192856	0.0004342199702152	/data/l2_bioinfo1/lyul1/Reference/1KG_hg38/allsamples/EUR/processed/no.dup/chr2.EUR	/data/l2_bioinfo1/lyul1/IBD/metal_update/withUKB/gc_0.01/GC_Final/processed/forsmr_afreq/EUR_CD.alt.harmo.ma	/data/l2_bioinfo1/lyul1/IBD/SMR/xQTLs_harmonized/EUR/Expr/UVA_Expr.cis_qtl_pairs.allchr	/data/l2_bioinfo1/lyul1/IBD/SMR/smr_res/CD/EUR/UVA_Expr/ENSG00000115602	""	mkdir -p '/data/l2_bioinfo1/lyul1/IBD/SMR/smr_res/CD/EUR/UVA_Expr' && '/data/l2_bioinfo1/lyul1/tools/smr-1.4.1-linux-x86_64/smr' --bfile '/data/l2_bioinfo1/lyul1/Reference/1KG_hg38/allsamples/EUR/processed/no.dup/chr2.EUR' --gwas-summary '/data/l2_bioinfo1/lyul1/IBD/metal_update/withUKB/gc_0.01/GC_Final/processed/forsmr_afreq/EUR_CD.alt.harmo.ma' --beqtl-summary '/data/l2_bioinfo1/lyul1/IBD/SMR/xQTLs_harmonized/EUR/Expr/UVA_Expr.cis_qtl_pairs.allchr' --heidi-min-m 3 --diff-freq-prop 0.5 --target-snp 'rs80192856' --out '/data/l2_bioinfo1/lyul1/IBD/SMR/smr_res/CD/EUR/UVA_Expr/ENSG00000115602'	IL1RL1	TWAS	ENSG00000115602
Expr	all_gene_tss.CD.EUR.UVA_Expr.ENSG00000115677	CD	EUR	UVA_Expr	ENSG00000115677	ENSG00000115677	2	240317061	242317061	rs62190378	7.44667215294181e-26	/data/l2_bioinfo1/lyul1/Reference/1KG_hg38/allsamples/EUR/processed/no.dup/chr2.EUR	/data/l2_bioinfo1/lyul1/IBD/metal_update/withUKB/gc_0.01/GC_Final/processed/forsmr_afreq/EUR_CD.alt.harmo.ma	/data/l2_bioinfo1/lyul1/IBD/SMR/xQTLs_harmonized/EUR/Expr/UVA_Expr.cis_qtl_pairs.allchr	/data/l2_bioinfo1/lyul1/IBD/SMR/smr_res/CD/EUR/UVA_Expr/ENSG00000115677	""	mkdir -p '/data/l2_bioinfo1/lyul1/IBD/SMR/smr_res/CD/EUR/UVA_Expr' && '/data/l2_bioinfo1/lyul1/tools/smr-1.4.1-linux-x86_64/smr' --bfile '/data/l2_bioinfo1/lyul1/Reference/1KG_hg38/allsamples/EUR/processed/no.dup/chr2.EUR' --gwas-summary '/data/l2_bioinfo1/lyul1/IBD/metal_update/withUKB/gc_0.01/GC_Final/processed/forsmr_afreq/EUR_CD.alt.harmo.ma' --beqtl-summary '/data/l2_bioinfo1/lyul1/IBD/SMR/xQTLs_harmonized/EUR/Expr/UVA_Expr.cis_qtl_pairs.allchr' --heidi-min-m 3 --diff-freq-prop 0.5 --target-snp 'rs62190378' --out '/data/l2_bioinfo1/lyul1/IBD/SMR/smr_res/CD/EUR/UVA_Expr/ENSG00000115677'	HDLBP	TWAS	ENSG00000115677
Expr	all_gene_tss.CD.EUR.UVA_Expr.ENSG00000116288	CD	EUR	UVA_Expr	ENSG00000116288	ENSG00000116288	1	6954291	8954291	rs17523802	9.54535663455875e-18	/data/l2_bioinfo1/lyul1/Reference/1KG_hg38/allsamples/EUR/processed/no.dup/chr1.EUR	/data/l2_bioinfo1/lyul1/IBD/metal_update/withUKB/gc_0.01/GC_Final/processed/forsmr_afreq/EUR_CD.alt.harmo.ma	/data/l2_bioinfo1/lyul1/IBD/SMR/xQTLs_harmonized/EUR/Expr/UVA_Expr.cis_qtl_pairs.allchr	/data/l2_bioinfo1/lyul1/IBD/SMR/smr_res/CD/EUR/UVA_Expr/ENSG00000116288	""	mkdir -p '/data/l2_bioinfo1/lyul1/IBD/SMR/smr_res/CD/EUR/UVA_Expr' && '/data/l2_bioinfo1/lyul1/tools/smr-1.4.1-linux-x86_64/smr' --bfile '/data/l2_bioinfo1/lyul1/Reference/1KG_hg38/allsamples/EUR/processed/no.dup/chr1.EUR' --gwas-summary '/data/l2_bioinfo1/lyul1/IBD/metal_update/withUKB/gc_0.01/GC_Final/processed/forsmr_afreq/EUR_CD.alt.harmo.ma' --beqtl-summary '/data/l2_bioinfo1/lyul1/IBD/SMR/xQTLs_harmonized/EUR/Expr/UVA_Expr.cis_qtl_pairs.allchr' --heidi-min-m 3 --diff-freq-prop 0.5 --target-snp 'rs17523802' --out '/data/l2_bioinfo1/lyul1/IBD/SMR/smr_res/CD/EUR/UVA_Expr/ENSG00000116288'	PARK7	TWAS	ENSG00000116288
Expr	all_gene_tss.CD.EUR.UVA_Expr.ENSG00000121281	CD	EUR	UVA_Expr	ENSG00000121281	ENSG00000121281	16	49246137	51246137	rs117546211	8.98234108235176e-05	/data/l2_bioinfo1/lyul1/Reference/1KG_hg38/allsamples/EUR/processed/no.dup/chr16.EUR	/data/l2_bioinfo1/lyul1/IBD/metal_update/withUKB/gc_0.01/GC_Final/processed/forsmr_afreq/EUR_CD.alt.harmo.ma	/data/l2_bioinfo1/lyul1/IBD/SMR/xQTLs_harmonized/EUR/Expr/UVA_Expr.cis_qtl_pairs.allchr	/data/l2_bioinfo1/lyul1/IBD/SMR/smr_res/CD/EUR/UVA_Expr/ENSG00000121281	""	mkdir -p '/data/l2_bioinfo1/lyul1/IBD/SMR/smr_res/CD/EUR/UVA_Expr' && '/data/l2_bioinfo1/lyul1/tools/smr-1.4.1-linux-x86_64/smr' --bfile '/data/l2_bioinfo1/lyul1/Reference/1KG_hg38/allsamples/EUR/processed/no.dup/chr16.EUR' --gwas-summary '/data/l2_bioinfo1/lyul1/IBD/metal_update/withUKB/gc_0.01/GC_Final/processed/forsmr_afreq/EUR_CD.alt.harmo.ma' --beqtl-summary '/data/l2_bioinfo1/lyul1/IBD/SMR/xQTLs_harmonized/EUR/Expr/UVA_Expr.cis_qtl_pairs.allchr' --heidi-min-m 3 --diff-freq-prop 0.5 --target-snp 'rs117546211' --out '/data/l2_bioinfo1/lyul1/IBD/SMR/smr_res/CD/EUR/UVA_Expr/ENSG00000121281'	ADCY7	TWAS	ENSG00000121281
Expr	all_gene_tss.CD.EUR.UVA_Expr.ENSG00000124915	CD	EUR	UVA_Expr	ENSG00000124915	ENSG00000124915	11	60757677	62757677	rs198462	4.29003874090051e-09	/data/l2_bioinfo1/lyul1/Reference/1KG_hg38/allsamples/EUR/processed/no.dup/chr11.EUR	/data/l2_bioinfo1/lyul1/IBD/metal_update/withUKB/gc_0.01/GC_Final/processed/forsmr_afreq/EUR_CD.alt.harmo.ma	/data/l2_bioinfo1/lyul1/IBD/SMR/xQTLs_harmonized/EUR/Expr/UVA_Expr.cis_qtl_pairs.allchr	/data/l2_bioinfo1/lyul1/IBD/SMR/smr_res/CD/EUR/UVA_Expr/ENSG00000124915	""	mkdir -p '/data/l2_bioinfo1/lyul1/IBD/SMR/smr_res/CD/EUR/UVA_Expr' && '/data/l2_bioinfo1/lyul1/tools/smr-1.4.1-linux-x86_64/smr' --bfile '/data/l2_bioinfo1/lyul1/Reference/1KG_hg38/allsamples/EUR/processed/no.dup/chr11.EUR' --gwas-summary '/data/l2_bioinfo1/lyul1/IBD/metal_update/withUKB/gc_0.01/GC_Final/processed/forsmr_afreq/EUR_CD.alt.harmo.ma' --beqtl-summary '/data/l2_bioinfo1/lyul1/IBD/SMR/xQTLs_harmonized/EUR/Expr/UVA_Expr.cis_qtl_pairs.allchr' --heidi-min-m 3 --diff-freq-prop 0.5 --target-snp 'rs198462' --out '/data/l2_bioinfo1/lyul1/IBD/SMR/smr_res/CD/EUR/UVA_Expr/ENSG00000124915'	DKFZP434K028	TWAS	ENSG00000124915
Expr	all_gene_tss.CD.EUR.UVA_Expr.ENSG00000131584	CD	EUR	UVA_Expr	ENSG00000131584	ENSG00000131584	1	309609	2309609	rs34841888	3.18002599224754e-15	/data/l2_bioinfo1/lyul1/Reference/1KG_hg38/allsamples/EUR/processed/no.dup/chr1.EUR	/data/l2_bioinfo1/lyul1/IBD/metal_update/withUKB/gc_0.01/GC_Final/processed/forsmr_afreq/EUR_CD.alt.harmo.ma	/data/l2_bioinfo1/lyul1/IBD/SMR/xQTLs_harmonized/EUR/Expr/UVA_Expr.cis_qtl_pairs.allchr	/data/l2_bioinfo1/lyul1/IBD/SMR/smr_res/CD/EUR/UVA_Expr/ENSG00000131584	""	mkdir -p '/data/l2_bioinfo1/lyul1/IBD/SMR/smr_res/CD/EUR/UVA_Expr' && '/data/l2_bioinfo1/lyul1/tools/smr-1.4.1-linux-x86_64/smr' --bfile '/data/l2_bioinfo1/lyul1/Reference/1KG_hg38/allsamples/EUR/processed/no.dup/chr1.EUR' --gwas-summary '/data/l2_bioinfo1/lyul1/IBD/metal_update/withUKB/gc_0.01/GC_Final/processed/forsmr_afreq/EUR_CD.alt.harmo.ma' --beqtl-summary '/data/l2_bioinfo1/lyul1/IBD/SMR/xQTLs_harmonized/EUR/Expr/UVA_Expr.cis_qtl_pairs.allchr' --heidi-min-m 3 --diff-freq-prop 0.5 --target-snp 'rs34841888' --out '/data/l2_bioinfo1/lyul1/IBD/SMR/smr_res/CD/EUR/UVA_Expr/ENSG00000131584'	ACAP3	TWAS	ENSG00000131584
Expr	all_gene_tss.CD.EUR.UVA_Expr.ENSG00000132356	CD	EUR	UVA_Expr	ENSG00000132356	ENSG00000132356	5	39798374	41798374	rs1002424	7.34300990413976e-10	/data/l2_bioinfo1/lyul1/Reference/1KG_hg38/allsamples/EUR/processed/no.dup/chr5.EUR	/data/l2_bioinfo1/lyul1/IBD/metal_update/withUKB/gc_0.01/GC_Final/processed/forsmr_afreq/EUR_CD.alt.harmo.ma	/data/l2_bioinfo1/lyul1/IBD/SMR/xQTLs_harmonized/EUR/Expr/UVA_Expr.cis_qtl_pairs.allchr	/data/l2_bioinfo1/lyul1/IBD/SMR/smr_res/CD/EUR/UVA_Expr/ENSG00000132356	""	mkdir -p '/data/l2_bioinfo1/lyul1/IBD/SMR/smr_res/CD/EUR/UVA_Expr' && '/data/l2_bioinfo1/lyul1/tools/smr-1.4.1-linux-x86_64/smr' --bfile '/data/l2_bioinfo1/lyul1/Reference/1KG_hg38/allsamples/EUR/processed/no.dup/chr5.EUR' --gwas-summary '/data/l2_bioinfo1/lyul1/IBD/metal_update/withUKB/gc_0.01/GC_Final/processed/forsmr_afreq/EUR_CD.alt.harmo.ma' --beqtl-summary '/data/l2_bioinfo1/lyul1/IBD/SMR/xQTLs_harmonized/EUR/Expr/UVA_Expr.cis_qtl_pairs.allchr' --heidi-min-m 3 --diff-freq-prop 0.5 --target-snp 'rs1002424' --out '/data/l2_bioinfo1/lyul1/IBD/SMR/smr_res/CD/EUR/UVA_Expr/ENSG00000132356'	PRKAA1	TWAS	ENSG00000132356
Expr	all_gene_tss.CD.EUR.UVA_Expr.ENSG00000135605	CD	EUR	UVA_Expr	ENSG00000135605	ENSG00000135605	4	47269838	49269838	rs12501247	4.05548913462925e-17	/data/l2_bioinfo1/lyul1/Reference/1KG_hg38/allsamples/EUR/processed/no.dup/chr4.EUR	/data/l2_bioinfo1/lyul1/IBD/metal_update/withUKB/gc_0.01/GC_Final/processed/forsmr_afreq/EUR_CD.alt.harmo.ma	/data/l2_bioinfo1/lyul1/IBD/SMR/xQTLs_harmonized/EUR/Expr/UVA_Expr.cis_qtl_pairs.allchr	/data/l2_bioinfo1/lyul1/IBD/SMR/smr_res/CD/EUR/UVA_Expr/ENSG00000135605	""	mkdir -p '/data/l2_bioinfo1/lyul1/IBD/SMR/smr_res/CD/EUR/UVA_Expr' && '/data/l2_bioinfo1/lyul1/tools/smr-1.4.1-linux-x86_64/smr' --bfile '/data/l2_bioinfo1/lyul1/Reference/1KG_hg38/allsamples/EUR/processed/no.dup/chr4.EUR' --gwas-summary '/data/l2_bioinfo1/lyul1/IBD/metal_update/withUKB/gc_0.01/GC_Final/processed/forsmr_afreq/EUR_CD.alt.harmo.ma' --beqtl-summary '/data/l2_bioinfo1/lyul1/IBD/SMR/xQTLs_harmonized/EUR/Expr/UVA_Expr.cis_qtl_pairs.allchr' --heidi-min-m 3 --diff-freq-prop 0.5 --target-snp 'rs12501247' --out '/data/l2_bioinfo1/lyul1/IBD/SMR/smr_res/CD/EUR/UVA_Expr/ENSG00000135605'	TEC	TWAS	ENSG00000135605
Expr	all_gene_tss.CD.EUR.UVA_Expr.ENSG00000137331	CD	EUR	UVA_Expr	ENSG00000137331	ENSG00000137331	6	29744548	31744548	rs28744190	1.5417718654541e-13	/data/l2_bioinfo1/lyul1/Reference/1KG_hg38/allsamples/EUR/processed/no.dup/chr6.EUR	/data/l2_bioinfo1/lyul1/IBD/metal_update/withUKB/gc_0.01/GC_Final/processed/forsmr_afreq/EUR_CD.alt.harmo.ma	/data/l2_bioinfo1/lyul1/IBD/SMR/xQTLs_harmonized/EUR/Expr/UVA_Expr.cis_qtl_pairs.allchr	/data/l2_bioinfo1/lyul1/IBD/SMR/smr_res/CD/EUR/UVA_Expr/ENSG00000137331	""	mkdir -p '/data/l2_bioinfo1/lyul1/IBD/SMR/smr_res/CD/EUR/UVA_Expr' && '/data/l2_bioinfo1/lyul1/tools/smr-1.4.1-linux-x86_64/smr' --bfile '/data/l2_bioinfo1/lyul1/Reference/1KG_hg38/allsamples/EUR/processed/no.dup/chr6.EUR' --gwas-summary '/data/l2_bioinfo1/lyul1/IBD/metal_update/withUKB/gc_0.01/GC_Final/processed/forsmr_afreq/EUR_CD.alt.harmo.ma' --beqtl-summary '/data/l2_bioinfo1/lyul1/IBD/SMR/xQTLs_harmonized/EUR/Expr/UVA_Expr.cis_qtl_pairs.allchr' --heidi-min-m 3 --diff-freq-prop 0.5 --target-snp 'rs28744190' --out '/data/l2_bioinfo1/lyul1/IBD/SMR/smr_res/CD/EUR/UVA_Expr/ENSG00000137331'	IER3	TWAS	ENSG00000137331
Expr	all_gene_tss.CD.EUR.UVA_Expr.ENSG00000138036	CD	EUR	UVA_Expr	ENSG00000138036	ENSG00000138036	2	42774039	44774039	rs79720706	5.29698230388708e-11	/data/l2_bioinfo1/lyul1/Reference/1KG_hg38/allsamples/EUR/processed/no.dup/chr2.EUR	/data/l2_bioinfo1/lyul1/IBD/metal_update/withUKB/gc_0.01/GC_Final/processed/forsmr_afreq/EUR_CD.alt.harmo.ma	/data/l2_bioinfo1/lyul1/IBD/SMR/xQTLs_harmonized/EUR/Expr/UVA_Expr.cis_qtl_pairs.allchr	/data/l2_bioinfo1/lyul1/IBD/SMR/smr_res/CD/EUR/UVA_Expr/ENSG00000138036	""	mkdir -p '/data/l2_bioinfo1/lyul1/IBD/SMR/smr_res/CD/EUR/UVA_Expr' && '/data/l2_bioinfo1/lyul1/tools/smr-1.4.1-linux-x86_64/smr' --bfile '/data/l2_bioinfo1/lyul1/Reference/1KG_hg38/allsamples/EUR/processed/no.dup/chr2.EUR' --gwas-summary '/data/l2_bioinfo1/lyul1/IBD/metal_update/withUKB/gc_0.01/GC_Final/processed/forsmr_afreq/EUR_CD.alt.harmo.ma' --beqtl-summary '/data/l2_bioinfo1/lyul1/IBD/SMR/xQTLs_harmonized/EUR/Expr/UVA_Expr.cis_qtl_pairs.allchr' --heidi-min-m 3 --diff-freq-prop 0.5 --target-snp 'rs79720706' --out '/data/l2_bioinfo1/lyul1/IBD/SMR/smr_res/CD/EUR/UVA_Expr/ENSG00000138036'	DYNC2LI1	TWAS	ENSG00000138036
Expr	all_gene_tss.CD.EUR.UVA_Expr.ENSG00000138439	CD	EUR	UVA_Expr	ENSG00000138439	ENSG00000138439	2	201634969	203634969	rs72926976	3.15194663812896e-18	/data/l2_bioinfo1/lyul1/Reference/1KG_hg38/allsamples/EUR/processed/no.dup/chr2.EUR	/data/l2_bioinfo1/lyul1/IBD/metal_update/withUKB/gc_0.01/GC_Final/processed/forsmr_afreq/EUR_CD.alt.harmo.ma	/data/l2_bioinfo1/lyul1/IBD/SMR/xQTLs_harmonized/EUR/Expr/UVA_Expr.cis_qtl_pairs.allchr	/data/l2_bioinfo1/lyul1/IBD/SMR/smr_res/CD/EUR/UVA_Expr/ENSG00000138439	""	mkdir -p '/data/l2_bioinfo1/lyul1/IBD/SMR/smr_res/CD/EUR/UVA_Expr' && '/data/l2_bioinfo1/lyul1/tools/smr-1.4.1-linux-x86_64/smr' --bfile '/data/l2_bioinfo1/lyul1/Reference/1KG_hg38/allsamples/EUR/processed/no.dup/chr2.EUR' --gwas-summary '/data/l2_bioinfo1/lyul1/IBD/metal_update/withUKB/gc_0.01/GC_Final/processed/forsmr_afreq/EUR_CD.alt.harmo.ma' --beqtl-summary '/data/l2_bioinfo1/lyul1/IBD/SMR/xQTLs_harmonized/EUR/Expr/UVA_Expr.cis_qtl_pairs.allchr' --heidi-min-m 3 --diff-freq-prop 0.5 --target-snp 'rs72926976' --out '/data/l2_bioinfo1/lyul1/IBD/SMR/smr_res/CD/EUR/UVA_Expr/ENSG00000138439'	FAM117B	coloc eQTL	ENSG00000138439
Expr	all_gene_tss.CD.EUR.UVA_Expr.ENSG00000138688	CD	EUR	UVA_Expr	ENSG00000138688	ENSG00000138688	4	121152331	123152331	rs10857090	3.40019077390192e-63	/data/l2_bioinfo1/lyul1/Reference/1KG_hg38/allsamples/EUR/processed/no.dup/chr4.EUR	/data/l2_bioinfo1/lyul1/IBD/metal_update/withUKB/gc_0.01/GC_Final/processed/forsmr_afreq/EUR_CD.alt.harmo.ma	/data/l2_bioinfo1/lyul1/IBD/SMR/xQTLs_harmonized/EUR/Expr/UVA_Expr.cis_qtl_pairs.allchr	/data/l2_bioinfo1/lyul1/IBD/SMR/smr_res/CD/EUR/UVA_Expr/ENSG00000138688	""	mkdir -p '/data/l2_bioinfo1/lyul1/IBD/SMR/smr_res/CD/EUR/UVA_Expr' && '/data/l2_bioinfo1/lyul1/tools/smr-1.4.1-linux-x86_64/smr' --bfile '/data/l2_bioinfo1/lyul1/Reference/1KG_hg38/allsamples/EUR/processed/no.dup/chr4.EUR' --gwas-summary '/data/l2_bioinfo1/lyul1/IBD/metal_update/withUKB/gc_0.01/GC_Final/processed/forsmr_afreq/EUR_CD.alt.harmo.ma' --beqtl-summary '/data/l2_bioinfo1/lyul1/IBD/SMR/xQTLs_harmonized/EUR/Expr/UVA_Expr.cis_qtl_pairs.allchr' --heidi-min-m 3 --diff-freq-prop 0.5 --target-snp 'rs10857090' --out '/data/l2_bioinfo1/lyul1/IBD/SMR/smr_res/CD/EUR/UVA_Expr/ENSG00000138688'	KIAA1109	TWAS	ENSG00000138688
Expr	all_gene_tss.CD.EUR.UVA_Expr.ENSG00000143384	CD	EUR	UVA_Expr	ENSG00000143384	ENSG00000143384	1	149579738	151579738	rs6587520	8.1843069401829e-06	/data/l2_bioinfo1/lyul1/Reference/1KG_hg38/allsamples/EUR/processed/no.dup/chr1.EUR	/data/l2_bioinfo1/lyul1/IBD/metal_update/withUKB/gc_0.01/GC_Final/processed/forsmr_afreq/EUR_CD.alt.harmo.ma	/data/l2_bioinfo1/lyul1/IBD/SMR/xQTLs_harmonized/EUR/Expr/UVA_Expr.cis_qtl_pairs.allchr	/data/l2_bioinfo1/lyul1/IBD/SMR/smr_res/CD/EUR/UVA_Expr/ENSG00000143384	""	mkdir -p '/data/l2_bioinfo1/lyul1/IBD/SMR/smr_res/CD/EUR/UVA_Expr' && '/data/l2_bioinfo1/lyul1/tools/smr-1.4.1-linux-x86_64/smr' --bfile '/data/l2_bioinfo1/lyul1/Reference/1KG_hg38/allsamples/EUR/processed/no.dup/chr1.EUR' --gwas-summary '/data/l2_bioinfo1/lyul1/IBD/metal_update/withUKB/gc_0.01/GC_Final/processed/forsmr_afreq/EUR_CD.alt.harmo.ma' --beqtl-summary '/data/l2_bioinfo1/lyul1/IBD/SMR/xQTLs_harmonized/EUR/Expr/UVA_Expr.cis_qtl_pairs.allchr' --heidi-min-m 3 --diff-freq-prop 0.5 --target-snp 'rs6587520' --out '/data/l2_bioinfo1/lyul1/IBD/SMR/smr_res/CD/EUR/UVA_Expr/ENSG00000143384'	MCL1	TWAS	ENSG00000143384
Expr	all_gene_tss.CD.EUR.UVA_Expr.ENSG00000145029	CD	EUR	UVA_Expr	ENSG00000145029	ENSG00000145029	3	48429326	50429326	rs9841110	2.27707506394796e-08	/data/l2_bioinfo1/lyul1/Reference/1KG_hg38/allsamples/EUR/processed/no.dup/chr3.EUR	/data/l2_bioinfo1/lyul1/IBD/metal_update/withUKB/gc_0.01/GC_Final/processed/forsmr_afreq/EUR_CD.alt.harmo.ma	/data/l2_bioinfo1/lyul1/IBD/SMR/xQTLs_harmonized/EUR/Expr/UVA_Expr.cis_qtl_pairs.allchr	/data/l2_bioinfo1/lyul1/IBD/SMR/smr_res/CD/EUR/UVA_Expr/ENSG00000145029	""	mkdir -p '/data/l2_bioinfo1/lyul1/IBD/SMR/smr_res/CD/EUR/UVA_Expr' && '/data/l2_bioinfo1/lyul1/tools/smr-1.4.1-linux-x86_64/smr' --bfile '/data/l2_bioinfo1/lyul1/Reference/1KG_hg38/allsamples/EUR/processed/no.dup/chr3.EUR' --gwas-summary '/data/l2_bioinfo1/lyul1/IBD/metal_update/withUKB/gc_0.01/GC_Final/processed/forsmr_afreq/EUR_CD.alt.harmo.ma' --beqtl-summary '/data/l2_bioinfo1/lyul1/IBD/SMR/xQTLs_harmonized/EUR/Expr/UVA_Expr.cis_qtl_pairs.allchr' --heidi-min-m 3 --diff-freq-prop 0.5 --target-snp 'rs9841110' --out '/data/l2_bioinfo1/lyul1/IBD/SMR/smr_res/CD/EUR/UVA_Expr/ENSG00000145029'	NICN1	TWAS	ENSG00000145029
Expr	all_gene_tss.CD.EUR.UVA_Expr.ENSG00000145908	CD	EUR	UVA_Expr	ENSG00000145908	ENSG00000145908	5	149904983	151904983	rs57652693	0.0002892987593314	/data/l2_bioinfo1/lyul1/Reference/1KG_hg38/allsamples/EUR/processed/no.dup/chr5.EUR	/data/l2_bioinfo1/lyul1/IBD/metal_update/withUKB/gc_0.01/GC_Final/processed/forsmr_afreq/EUR_CD.alt.harmo.ma	/data/l2_bioinfo1/lyul1/IBD/SMR/xQTLs_harmonized/EUR/Expr/UVA_Expr.cis_qtl_pairs.allchr	/data/l2_bioinfo1/lyul1/IBD/SMR/smr_res/CD/EUR/UVA_Expr/ENSG00000145908	""	mkdir -p '/data/l2_bioinfo1/lyul1/IBD/SMR/smr_res/CD/EUR/UVA_Expr' && '/data/l2_bioinfo1/lyul1/tools/smr-1.4.1-linux-x86_64/smr' --bfile '/data/l2_bioinfo1/lyul1/Reference/1KG_hg38/allsamples/EUR/processed/no.dup/chr5.EUR' --gwas-summary '/data/l2_bioinfo1/lyul1/IBD/metal_update/withUKB/gc_0.01/GC_Final/processed/forsmr_afreq/EUR_CD.alt.harmo.ma' --beqtl-summary '/data/l2_bioinfo1/lyul1/IBD/SMR/xQTLs_harmonized/EUR/Expr/UVA_Expr.cis_qtl_pairs.allchr' --heidi-min-m 3 --diff-freq-prop 0.5 --target-snp 'rs57652693' --out '/data/l2_bioinfo1/lyul1/IBD/SMR/smr_res/CD/EUR/UVA_Expr/ENSG00000145908'	ZNF300	TWAS	ENSG00000145908
Expr	all_gene_tss.CD.EUR.UVA_Expr.ENSG00000148384	CD	EUR	UVA_Expr	ENSG00000148384	ENSG00000148384	9	135439845	137439845	rs532069	9.64211225594931e-05	/data/l2_bioinfo1/lyul1/Reference/1KG_hg38/allsamples/EUR/processed/no.dup/chr9.EUR	/data/l2_bioinfo1/lyul1/IBD/metal_update/withUKB/gc_0.01/GC_Final/processed/forsmr_afreq/EUR_CD.alt.harmo.ma	/data/l2_bioinfo1/lyul1/IBD/SMR/xQTLs_harmonized/EUR/Expr/UVA_Expr.cis_qtl_pairs.allchr	/data/l2_bioinfo1/lyul1/IBD/SMR/smr_res/CD/EUR/UVA_Expr/ENSG00000148384	""	mkdir -p '/data/l2_bioinfo1/lyul1/IBD/SMR/smr_res/CD/EUR/UVA_Expr' && '/data/l2_bioinfo1/lyul1/tools/smr-1.4.1-linux-x86_64/smr' --bfile '/data/l2_bioinfo1/lyul1/Reference/1KG_hg38/allsamples/EUR/processed/no.dup/chr9.EUR' --gwas-summary '/data/l2_bioinfo1/lyul1/IBD/metal_update/withUKB/gc_0.01/GC_Final/processed/forsmr_afreq/EUR_CD.alt.harmo.ma' --beqtl-summary '/data/l2_bioinfo1/lyul1/IBD/SMR/xQTLs_harmonized/EUR/Expr/UVA_Expr.cis_qtl_pairs.allchr' --heidi-min-m 3 --diff-freq-prop 0.5 --target-snp 'rs532069' --out '/data/l2_bioinfo1/lyul1/IBD/SMR/smr_res/CD/EUR/UVA_Expr/ENSG00000148384'	INPP5E	TWAS	ENSG00000148384
Expr	all_gene_tss.CD.EUR.UVA_Expr.ENSG00000149485	CD	EUR	UVA_Expr	ENSG00000149485	ENSG00000149485	11	60829318	62829318	rs10897208	3.46050580099864e-07	/data/l2_bioinfo1/lyul1/Reference/1KG_hg38/allsamples/EUR/processed/no.dup/chr11.EUR	/data/l2_bioinfo1/lyul1/IBD/metal_update/withUKB/gc_0.01/GC_Final/processed/forsmr_afreq/EUR_CD.alt.harmo.ma	/data/l2_bioinfo1/lyul1/IBD/SMR/xQTLs_harmonized/EUR/Expr/UVA_Expr.cis_qtl_pairs.allchr	/data/l2_bioinfo1/lyul1/IBD/SMR/smr_res/CD/EUR/UVA_Expr/ENSG00000149485	""	mkdir -p '/data/l2_bioinfo1/lyul1/IBD/SMR/smr_res/CD/EUR/UVA_Expr' && '/data/l2_bioinfo1/lyul1/tools/smr-1.4.1-linux-x86_64/smr' --bfile '/data/l2_bioinfo1/lyul1/Reference/1KG_hg38/allsamples/EUR/processed/no.dup/chr11.EUR' --gwas-summary '/data/l2_bioinfo1/lyul1/IBD/metal_update/withUKB/gc_0.01/GC_Final/processed/forsmr_afreq/EUR_CD.alt.harmo.ma' --beqtl-summary '/data/l2_bioinfo1/lyul1/IBD/SMR/xQTLs_harmonized/EUR/Expr/UVA_Expr.cis_qtl_pairs.allchr' --heidi-min-m 3 --diff-freq-prop 0.5 --target-snp 'rs10897208' --out '/data/l2_bioinfo1/lyul1/IBD/SMR/smr_res/CD/EUR/UVA_Expr/ENSG00000149485'	FADS1	TWAS	ENSG00000149485
Expr	all_gene_tss.CD.EUR.UVA_Expr.ENSG00000155393	CD	EUR	UVA_Expr	ENSG00000155393	ENSG00000155393	16	49065967	51065967	rs2058815	2.81638932748558e-09	/data/l2_bioinfo1/lyul1/Reference/1KG_hg38/allsamples/EUR/processed/no.dup/chr16.EUR	/data/l2_bioinfo1/lyul1/IBD/metal_update/withUKB/gc_0.01/GC_Final/processed/forsmr_afreq/EUR_CD.alt.harmo.ma	/data/l2_bioinfo1/lyul1/IBD/SMR/xQTLs_harmonized/EUR/Expr/UVA_Expr.cis_qtl_pairs.allchr	/data/l2_bioinfo1/lyul1/IBD/SMR/smr_res/CD/EUR/UVA_Expr/ENSG00000155393	""	mkdir -p '/data/l2_bioinfo1/lyul1/IBD/SMR/smr_res/CD/EUR/UVA_Expr' && '/data/l2_bioinfo1/lyul1/tools/smr-1.4.1-linux-x86_64/smr' --bfile '/data/l2_bioinfo1/lyul1/Reference/1KG_hg38/allsamples/EUR/processed/no.dup/chr16.EUR' --gwas-summary '/data/l2_bioinfo1/lyul1/IBD/metal_update/withUKB/gc_0.01/GC_Final/processed/forsmr_afreq/EUR_CD.alt.harmo.ma' --beqtl-summary '/data/l2_bioinfo1/lyul1/IBD/SMR/xQTLs_harmonized/EUR/Expr/UVA_Expr.cis_qtl_pairs.allchr' --heidi-min-m 3 --diff-freq-prop 0.5 --target-snp 'rs2058815' --out '/data/l2_bioinfo1/lyul1/IBD/SMR/smr_res/CD/EUR/UVA_Expr/ENSG00000155393'	HEATR3	TWAS	ENSG00000155393
Expr	all_gene_tss.CD.EUR.UVA_Expr.ENSG00000161405	CD	EUR	UVA_Expr	ENSG00000161405	ENSG00000161405	17	38864312	40864312	rs2952144	1.39631466287204e-08	/data/l2_bioinfo1/lyul1/Reference/1KG_hg38/allsamples/EUR/processed/no.dup/chr17.EUR	/data/l2_bioinfo1/lyul1/IBD/metal_update/withUKB/gc_0.01/GC_Final/processed/forsmr_afreq/EUR_CD.alt.harmo.ma	/data/l2_bioinfo1/lyul1/IBD/SMR/xQTLs_harmonized/EUR/Expr/UVA_Expr.cis_qtl_pairs.allchr	/data/l2_bioinfo1/lyul1/IBD/SMR/smr_res/CD/EUR/UVA_Expr/ENSG00000161405	""	mkdir -p '/data/l2_bioinfo1/lyul1/IBD/SMR/smr_res/CD/EUR/UVA_Expr' && '/data/l2_bioinfo1/lyul1/tools/smr-1.4.1-linux-x86_64/smr' --bfile '/data/l2_bioinfo1/lyul1/Reference/1KG_hg38/allsamples/EUR/processed/no.dup/chr17.EUR' --gwas-summary '/data/l2_bioinfo1/lyul1/IBD/metal_update/withUKB/gc_0.01/GC_Final/processed/forsmr_afreq/EUR_CD.alt.harmo.ma' --beqtl-summary '/data/l2_bioinfo1/lyul1/IBD/SMR/xQTLs_harmonized/EUR/Expr/UVA_Expr.cis_qtl_pairs.allchr' --heidi-min-m 3 --diff-freq-prop 0.5 --target-snp 'rs2952144' --out '/data/l2_bioinfo1/lyul1/IBD/SMR/smr_res/CD/EUR/UVA_Expr/ENSG00000161405'	IKZF3	TWAS	ENSG00000161405
Expr	all_gene_tss.CD.EUR.UVA_Expr.ENSG00000162302	CD	EUR	UVA_Expr	ENSG00000162302	ENSG00000162302	11	63359148	65359148	rs60031276	9.24468016780947e-08	/data/l2_bioinfo1/lyul1/Reference/1KG_hg38/allsamples/EUR/processed/no.dup/chr11.EUR	/data/l2_bioinfo1/lyul1/IBD/metal_update/withUKB/gc_0.01/GC_Final/processed/forsmr_afreq/EUR_CD.alt.harmo.ma	/data/l2_bioinfo1/lyul1/IBD/SMR/xQTLs_harmonized/EUR/Expr/UVA_Expr.cis_qtl_pairs.allchr	/data/l2_bioinfo1/lyul1/IBD/SMR/smr_res/CD/EUR/UVA_Expr/ENSG00000162302	""	mkdir -p '/data/l2_bioinfo1/lyul1/IBD/SMR/smr_res/CD/EUR/UVA_Expr' && '/data/l2_bioinfo1/lyul1/tools/smr-1.4.1-linux-x86_64/smr' --bfile '/data/l2_bioinfo1/lyul1/Reference/1KG_hg38/allsamples/EUR/processed/no.dup/chr11.EUR' --gwas-summary '/data/l2_bioinfo1/lyul1/IBD/metal_update/withUKB/gc_0.01/GC_Final/processed/forsmr_afreq/EUR_CD.alt.harmo.ma' --beqtl-summary '/data/l2_bioinfo1/lyul1/IBD/SMR/xQTLs_harmonized/EUR/Expr/UVA_Expr.cis_qtl_pairs.allchr' --heidi-min-m 3 --diff-freq-prop 0.5 --target-snp 'rs60031276' --out '/data/l2_bioinfo1/lyul1/IBD/SMR/smr_res/CD/EUR/UVA_Expr/ENSG00000162302'	RPS6KA4	TWAS	ENSG00000162302
Expr	all_gene_tss.CD.EUR.UVA_Expr.ENSG00000162594	CD	EUR	UVA_Expr	ENSG00000162594	ENSG00000162594	1	66138907	68138907	rs10789224	1.65648488985781e-24	/data/l2_bioinfo1/lyul1/Reference/1KG_hg38/allsamples/EUR/processed/no.dup/chr1.EUR	/data/l2_bioinfo1/lyul1/IBD/metal_update/withUKB/gc_0.01/GC_Final/processed/forsmr_afreq/EUR_CD.alt.harmo.ma	/data/l2_bioinfo1/lyul1/IBD/SMR/xQTLs_harmonized/EUR/Expr/UVA_Expr.cis_qtl_pairs.allchr	/data/l2_bioinfo1/lyul1/IBD/SMR/smr_res/CD/EUR/UVA_Expr/ENSG00000162594	""	mkdir -p '/data/l2_bioinfo1/lyul1/IBD/SMR/smr_res/CD/EUR/UVA_Expr' && '/data/l2_bioinfo1/lyul1/tools/smr-1.4.1-linux-x86_64/smr' --bfile '/data/l2_bioinfo1/lyul1/Reference/1KG_hg38/allsamples/EUR/processed/no.dup/chr1.EUR' --gwas-summary '/data/l2_bioinfo1/lyul1/IBD/metal_update/withUKB/gc_0.01/GC_Final/processed/forsmr_afreq/EUR_CD.alt.harmo.ma' --beqtl-summary '/data/l2_bioinfo1/lyul1/IBD/SMR/xQTLs_harmonized/EUR/Expr/UVA_Expr.cis_qtl_pairs.allchr' --heidi-min-m 3 --diff-freq-prop 0.5 --target-snp 'rs10789224' --out '/data/l2_bioinfo1/lyul1/IBD/SMR/smr_res/CD/EUR/UVA_Expr/ENSG00000162594'	IL23R	TWAS	ENSG00000162594
Expr	all_gene_tss.CD.EUR.UVA_Expr.ENSG00000162613	CD	EUR	UVA_Expr	ENSG00000162613	ENSG00000162613	1	76979110	78979110	rs34517439	3.0057109452936e-15	/data/l2_bioinfo1/lyul1/Reference/1KG_hg38/allsamples/EUR/processed/no.dup/chr1.EUR	/data/l2_bioinfo1/lyul1/IBD/metal_update/withUKB/gc_0.01/GC_Final/processed/forsmr_afreq/EUR_CD.alt.harmo.ma	/data/l2_bioinfo1/lyul1/IBD/SMR/xQTLs_harmonized/EUR/Expr/UVA_Expr.cis_qtl_pairs.allchr	/data/l2_bioinfo1/lyul1/IBD/SMR/smr_res/CD/EUR/UVA_Expr/ENSG00000162613	""	mkdir -p '/data/l2_bioinfo1/lyul1/IBD/SMR/smr_res/CD/EUR/UVA_Expr' && '/data/l2_bioinfo1/lyul1/tools/smr-1.4.1-linux-x86_64/smr' --bfile '/data/l2_bioinfo1/lyul1/Reference/1KG_hg38/allsamples/EUR/processed/no.dup/chr1.EUR' --gwas-summary '/data/l2_bioinfo1/lyul1/IBD/metal_update/withUKB/gc_0.01/GC_Final/processed/forsmr_afreq/EUR_CD.alt.harmo.ma' --beqtl-summary '/data/l2_bioinfo1/lyul1/IBD/SMR/xQTLs_harmonized/EUR/Expr/UVA_Expr.cis_qtl_pairs.allchr' --heidi-min-m 3 --diff-freq-prop 0.5 --target-snp 'rs34517439' --out '/data/l2_bioinfo1/lyul1/IBD/SMR/smr_res/CD/EUR/UVA_Expr/ENSG00000162613'	FUBP1	coloc eQTL	ENSG00000162613
Expr	all_gene_tss.CD.EUR.UVA_Expr.ENSG00000163362	CD	EUR	UVA_Expr	ENSG00000163362	ENSG00000163362	1	199891048	201891048	rs296533	5.30701831984547e-17	/data/l2_bioinfo1/lyul1/Reference/1KG_hg38/allsamples/EUR/processed/no.dup/chr1.EUR	/data/l2_bioinfo1/lyul1/IBD/metal_update/withUKB/gc_0.01/GC_Final/processed/forsmr_afreq/EUR_CD.alt.harmo.ma	/data/l2_bioinfo1/lyul1/IBD/SMR/xQTLs_harmonized/EUR/Expr/UVA_Expr.cis_qtl_pairs.allchr	/data/l2_bioinfo1/lyul1/IBD/SMR/smr_res/CD/EUR/UVA_Expr/ENSG00000163362	""	mkdir -p '/data/l2_bioinfo1/lyul1/IBD/SMR/smr_res/CD/EUR/UVA_Expr' && '/data/l2_bioinfo1/lyul1/tools/smr-1.4.1-linux-x86_64/smr' --bfile '/data/l2_bioinfo1/lyul1/Reference/1KG_hg38/allsamples/EUR/processed/no.dup/chr1.EUR' --gwas-summary '/data/l2_bioinfo1/lyul1/IBD/metal_update/withUKB/gc_0.01/GC_Final/processed/forsmr_afreq/EUR_CD.alt.harmo.ma' --beqtl-summary '/data/l2_bioinfo1/lyul1/IBD/SMR/xQTLs_harmonized/EUR/Expr/UVA_Expr.cis_qtl_pairs.allchr' --heidi-min-m 3 --diff-freq-prop 0.5 --target-snp 'rs296533' --out '/data/l2_bioinfo1/lyul1/IBD/SMR/smr_res/CD/EUR/UVA_Expr/ENSG00000163362'	C1orf106	TWAS	ENSG00000163362
Expr	all_gene_tss.CD.EUR.UVA_Expr.ENSG00000166165	CD	EUR	UVA_Expr	ENSG00000166165	ENSG00000166165	14	102522833	104522833	rs7158822	6.75678142012115e-09	/data/l2_bioinfo1/lyul1/Reference/1KG_hg38/allsamples/EUR/processed/no.dup/chr14.EUR	/data/l2_bioinfo1/lyul1/IBD/metal_update/withUKB/gc_0.01/GC_Final/processed/forsmr_afreq/EUR_CD.alt.harmo.ma	/data/l2_bioinfo1/lyul1/IBD/SMR/xQTLs_harmonized/EUR/Expr/UVA_Expr.cis_qtl_pairs.allchr	/data/l2_bioinfo1/lyul1/IBD/SMR/smr_res/CD/EUR/UVA_Expr/ENSG00000166165	""	mkdir -p '/data/l2_bioinfo1/lyul1/IBD/SMR/smr_res/CD/EUR/UVA_Expr' && '/data/l2_bioinfo1/lyul1/tools/smr-1.4.1-linux-x86_64/smr' --bfile '/data/l2_bioinfo1/lyul1/Reference/1KG_hg38/allsamples/EUR/processed/no.dup/chr14.EUR' --gwas-summary '/data/l2_bioinfo1/lyul1/IBD/metal_update/withUKB/gc_0.01/GC_Final/processed/forsmr_afreq/EUR_CD.alt.harmo.ma' --beqtl-summary '/data/l2_bioinfo1/lyul1/IBD/SMR/xQTLs_harmonized/EUR/Expr/UVA_Expr.cis_qtl_pairs.allchr' --heidi-min-m 3 --diff-freq-prop 0.5 --target-snp 'rs7158822' --out '/data/l2_bioinfo1/lyul1/IBD/SMR/smr_res/CD/EUR/UVA_Expr/ENSG00000166165'	CKB	TWAS; coloc eQTL	ENSG00000166165
Expr	all_gene_tss.CD.EUR.UVA_Expr.ENSG00000167468	CD	EUR	UVA_Expr	ENSG00000167468	ENSG00000167468	19	103982	2103982	rs4807542	1.73023902472877e-29	/data/l2_bioinfo1/lyul1/Reference/1KG_hg38/allsamples/EUR/processed/no.dup/chr19.EUR	/data/l2_bioinfo1/lyul1/IBD/metal_update/withUKB/gc_0.01/GC_Final/processed/forsmr_afreq/EUR_CD.alt.harmo.ma	/data/l2_bioinfo1/lyul1/IBD/SMR/xQTLs_harmonized/EUR/Expr/UVA_Expr.cis_qtl_pairs.allchr	/data/l2_bioinfo1/lyul1/IBD/SMR/smr_res/CD/EUR/UVA_Expr/ENSG00000167468	""	mkdir -p '/data/l2_bioinfo1/lyul1/IBD/SMR/smr_res/CD/EUR/UVA_Expr' && '/data/l2_bioinfo1/lyul1/tools/smr-1.4.1-linux-x86_64/smr' --bfile '/data/l2_bioinfo1/lyul1/Reference/1KG_hg38/allsamples/EUR/processed/no.dup/chr19.EUR' --gwas-summary '/data/l2_bioinfo1/lyul1/IBD/metal_update/withUKB/gc_0.01/GC_Final/processed/forsmr_afreq/EUR_CD.alt.harmo.ma' --beqtl-summary '/data/l2_bioinfo1/lyul1/IBD/SMR/xQTLs_harmonized/EUR/Expr/UVA_Expr.cis_qtl_pairs.allchr' --heidi-min-m 3 --diff-freq-prop 0.5 --target-snp 'rs4807542' --out '/data/l2_bioinfo1/lyul1/IBD/SMR/smr_res/CD/EUR/UVA_Expr/ENSG00000167468'	GPX4	TWAS	ENSG00000167468
Expr	all_gene_tss.CD.EUR.UVA_Expr.ENSG00000171174	CD	EUR	UVA_Expr	ENSG00000171174	ENSG00000171174	2	26890681	28890681	rs6708017	2.62612336491277e-10	/data/l2_bioinfo1/lyul1/Reference/1KG_hg38/allsamples/EUR/processed/no.dup/chr2.EUR	/data/l2_bioinfo1/lyul1/IBD/metal_update/withUKB/gc_0.01/GC_Final/processed/forsmr_afreq/EUR_CD.alt.harmo.ma	/data/l2_bioinfo1/lyul1/IBD/SMR/xQTLs_harmonized/EUR/Expr/UVA_Expr.cis_qtl_pairs.allchr	/data/l2_bioinfo1/lyul1/IBD/SMR/smr_res/CD/EUR/UVA_Expr/ENSG00000171174	""	mkdir -p '/data/l2_bioinfo1/lyul1/IBD/SMR/smr_res/CD/EUR/UVA_Expr' && '/data/l2_bioinfo1/lyul1/tools/smr-1.4.1-linux-x86_64/smr' --bfile '/data/l2_bioinfo1/lyul1/Reference/1KG_hg38/allsamples/EUR/processed/no.dup/chr2.EUR' --gwas-summary '/data/l2_bioinfo1/lyul1/IBD/metal_update/withUKB/gc_0.01/GC_Final/processed/forsmr_afreq/EUR_CD.alt.harmo.ma' --beqtl-summary '/data/l2_bioinfo1/lyul1/IBD/SMR/xQTLs_harmonized/EUR/Expr/UVA_Expr.cis_qtl_pairs.allchr' --heidi-min-m 3 --diff-freq-prop 0.5 --target-snp 'rs6708017' --out '/data/l2_bioinfo1/lyul1/IBD/SMR/smr_res/CD/EUR/UVA_Expr/ENSG00000171174'	RBKS	TWAS	ENSG00000171174
Expr	all_gene_tss.CD.EUR.UVA_Expr.ENSG00000172543	CD	EUR	UVA_Expr	ENSG00000172543	ENSG00000172543	11	64879809	66879809	rs583887	1.61127336338397e-79	/data/l2_bioinfo1/lyul1/Reference/1KG_hg38/allsamples/EUR/processed/no.dup/chr11.EUR	/data/l2_bioinfo1/lyul1/IBD/metal_update/withUKB/gc_0.01/GC_Final/processed/forsmr_afreq/EUR_CD.alt.harmo.ma	/data/l2_bioinfo1/lyul1/IBD/SMR/xQTLs_harmonized/EUR/Expr/UVA_Expr.cis_qtl_pairs.allchr	/data/l2_bioinfo1/lyul1/IBD/SMR/smr_res/CD/EUR/UVA_Expr/ENSG00000172543	""	mkdir -p '/data/l2_bioinfo1/lyul1/IBD/SMR/smr_res/CD/EUR/UVA_Expr' && '/data/l2_bioinfo1/lyul1/tools/smr-1.4.1-linux-x86_64/smr' --bfile '/data/l2_bioinfo1/lyul1/Reference/1KG_hg38/allsamples/EUR/processed/no.dup/chr11.EUR' --gwas-summary '/data/l2_bioinfo1/lyul1/IBD/metal_update/withUKB/gc_0.01/GC_Final/processed/forsmr_afreq/EUR_CD.alt.harmo.ma' --beqtl-summary '/data/l2_bioinfo1/lyul1/IBD/SMR/xQTLs_harmonized/EUR/Expr/UVA_Expr.cis_qtl_pairs.allchr' --heidi-min-m 3 --diff-freq-prop 0.5 --target-snp 'rs583887' --out '/data/l2_bioinfo1/lyul1/IBD/SMR/smr_res/CD/EUR/UVA_Expr/ENSG00000172543'	CTSW	coloc eQTL	ENSG00000172543
Expr	all_gene_tss.CD.EUR.UVA_Expr.ENSG00000173531	CD	EUR	UVA_Expr	ENSG00000173531	ENSG00000173531	3	48689501	50689501	rs56116382	2.4514698796046e-07	/data/l2_bioinfo1/lyul1/Reference/1KG_hg38/allsamples/EUR/processed/no.dup/chr3.EUR	/data/l2_bioinfo1/lyul1/IBD/metal_update/withUKB/gc_0.01/GC_Final/processed/forsmr_afreq/EUR_CD.alt.harmo.ma	/data/l2_bioinfo1/lyul1/IBD/SMR/xQTLs_harmonized/EUR/Expr/UVA_Expr.cis_qtl_pairs.allchr	/data/l2_bioinfo1/lyul1/IBD/SMR/smr_res/CD/EUR/UVA_Expr/ENSG00000173531	""	mkdir -p '/data/l2_bioinfo1/lyul1/IBD/SMR/smr_res/CD/EUR/UVA_Expr' && '/data/l2_bioinfo1/lyul1/tools/smr-1.4.1-linux-x86_64/smr' --bfile '/data/l2_bioinfo1/lyul1/Reference/1KG_hg38/allsamples/EUR/processed/no.dup/chr3.EUR' --gwas-summary '/data/l2_bioinfo1/lyul1/IBD/metal_update/withUKB/gc_0.01/GC_Final/processed/forsmr_afreq/EUR_CD.alt.harmo.ma' --beqtl-summary '/data/l2_bioinfo1/lyul1/IBD/SMR/xQTLs_harmonized/EUR/Expr/UVA_Expr.cis_qtl_pairs.allchr' --heidi-min-m 3 --diff-freq-prop 0.5 --target-snp 'rs56116382' --out '/data/l2_bioinfo1/lyul1/IBD/SMR/smr_res/CD/EUR/UVA_Expr/ENSG00000173531'	MST1	TWAS	ENSG00000173531
Expr	all_gene_tss.CD.EUR.UVA_Expr.ENSG00000176920	CD	EUR	UVA_Expr	ENSG00000176920	ENSG00000176920	19	47695971	49695971	rs601338	3.00423026455192e-116	/data/l2_bioinfo1/lyul1/Reference/1KG_hg38/allsamples/EUR/processed/no.dup/chr19.EUR	/data/l2_bioinfo1/lyul1/IBD/metal_update/withUKB/gc_0.01/GC_Final/processed/forsmr_afreq/EUR_CD.alt.harmo.ma	/data/l2_bioinfo1/lyul1/IBD/SMR/xQTLs_harmonized/EUR/Expr/UVA_Expr.cis_qtl_pairs.allchr	/data/l2_bioinfo1/lyul1/IBD/SMR/smr_res/CD/EUR/UVA_Expr/ENSG00000176920	""	mkdir -p '/data/l2_bioinfo1/lyul1/IBD/SMR/smr_res/CD/EUR/UVA_Expr' && '/data/l2_bioinfo1/lyul1/tools/smr-1.4.1-linux-x86_64/smr' --bfile '/data/l2_bioinfo1/lyul1/Reference/1KG_hg38/allsamples/EUR/processed/no.dup/chr19.EUR' --gwas-summary '/data/l2_bioinfo1/lyul1/IBD/metal_update/withUKB/gc_0.01/GC_Final/processed/forsmr_afreq/EUR_CD.alt.harmo.ma' --beqtl-summary '/data/l2_bioinfo1/lyul1/IBD/SMR/xQTLs_harmonized/EUR/Expr/UVA_Expr.cis_qtl_pairs.allchr' --heidi-min-m 3 --diff-freq-prop 0.5 --target-snp 'rs601338' --out '/data/l2_bioinfo1/lyul1/IBD/SMR/smr_res/CD/EUR/UVA_Expr/ENSG00000176920'	FUT2	TWAS; coloc eQTL	ENSG00000176920
Expr	all_gene_tss.CD.EUR.UVA_Expr.ENSG00000185651	CD	EUR	UVA_Expr	ENSG00000185651	ENSG00000185651	22	20549447	22549447	rs4820091	1.29079966804587e-09	/data/l2_bioinfo1/lyul1/Reference/1KG_hg38/allsamples/EUR/processed/no.dup/chr22.EUR	/data/l2_bioinfo1/lyul1/IBD/metal_update/withUKB/gc_0.01/GC_Final/processed/forsmr_afreq/EUR_CD.alt.harmo.ma	/data/l2_bioinfo1/lyul1/IBD/SMR/xQTLs_harmonized/EUR/Expr/UVA_Expr.cis_qtl_pairs.allchr	/data/l2_bioinfo1/lyul1/IBD/SMR/smr_res/CD/EUR/UVA_Expr/ENSG00000185651	""	mkdir -p '/data/l2_bioinfo1/lyul1/IBD/SMR/smr_res/CD/EUR/UVA_Expr' && '/data/l2_bioinfo1/lyul1/tools/smr-1.4.1-linux-x86_64/smr' --bfile '/data/l2_bioinfo1/lyul1/Reference/1KG_hg38/allsamples/EUR/processed/no.dup/chr22.EUR' --gwas-summary '/data/l2_bioinfo1/lyul1/IBD/metal_update/withUKB/gc_0.01/GC_Final/processed/forsmr_afreq/EUR_CD.alt.harmo.ma' --beqtl-summary '/data/l2_bioinfo1/lyul1/IBD/SMR/xQTLs_harmonized/EUR/Expr/UVA_Expr.cis_qtl_pairs.allchr' --heidi-min-m 3 --diff-freq-prop 0.5 --target-snp 'rs4820091' --out '/data/l2_bioinfo1/lyul1/IBD/SMR/smr_res/CD/EUR/UVA_Expr/ENSG00000185651'	UBE2L3	TWAS	ENSG00000185651
Expr	all_gene_tss.CD.EUR.UVA_Expr.ENSG00000197083	CD	EUR	UVA_Expr	ENSG00000197083	ENSG00000197083	5	149946289	151946289	rs11739677	3.65397150765487e-60	/data/l2_bioinfo1/lyul1/Reference/1KG_hg38/allsamples/EUR/processed/no.dup/chr5.EUR	/data/l2_bioinfo1/lyul1/IBD/metal_update/withUKB/gc_0.01/GC_Final/processed/forsmr_afreq/EUR_CD.alt.harmo.ma	/data/l2_bioinfo1/lyul1/IBD/SMR/xQTLs_harmonized/EUR/Expr/UVA_Expr.cis_qtl_pairs.allchr	/data/l2_bioinfo1/lyul1/IBD/SMR/smr_res/CD/EUR/UVA_Expr/ENSG00000197083	""	mkdir -p '/data/l2_bioinfo1/lyul1/IBD/SMR/smr_res/CD/EUR/UVA_Expr' && '/data/l2_bioinfo1/lyul1/tools/smr-1.4.1-linux-x86_64/smr' --bfile '/data/l2_bioinfo1/lyul1/Reference/1KG_hg38/allsamples/EUR/processed/no.dup/chr5.EUR' --gwas-summary '/data/l2_bioinfo1/lyul1/IBD/metal_update/withUKB/gc_0.01/GC_Final/processed/forsmr_afreq/EUR_CD.alt.harmo.ma' --beqtl-summary '/data/l2_bioinfo1/lyul1/IBD/SMR/xQTLs_harmonized/EUR/Expr/UVA_Expr.cis_qtl_pairs.allchr' --heidi-min-m 3 --diff-freq-prop 0.5 --target-snp 'rs11739677' --out '/data/l2_bioinfo1/lyul1/IBD/SMR/smr_res/CD/EUR/UVA_Expr/ENSG00000197083'	ZNF300P1	TWAS	ENSG00000197083
Expr	all_gene_tss.CD.EUR.UVA_Expr.ENSG00000197208	CD	EUR	UVA_Expr	ENSG00000197208	ENSG00000197208	5	131294394	133294394	rs4705943	1.32029468347589e-07	/data/l2_bioinfo1/lyul1/Reference/1KG_hg38/allsamples/EUR/processed/no.dup/chr5.EUR	/data/l2_bioinfo1/lyul1/IBD/metal_update/withUKB/gc_0.01/GC_Final/processed/forsmr_afreq/EUR_CD.alt.harmo.ma	/data/l2_bioinfo1/lyul1/IBD/SMR/xQTLs_harmonized/EUR/Expr/UVA_Expr.cis_qtl_pairs.allchr	/data/l2_bioinfo1/lyul1/IBD/SMR/smr_res/CD/EUR/UVA_Expr/ENSG00000197208	""	mkdir -p '/data/l2_bioinfo1/lyul1/IBD/SMR/smr_res/CD/EUR/UVA_Expr' && '/data/l2_bioinfo1/lyul1/tools/smr-1.4.1-linux-x86_64/smr' --bfile '/data/l2_bioinfo1/lyul1/Reference/1KG_hg38/allsamples/EUR/processed/no.dup/chr5.EUR' --gwas-summary '/data/l2_bioinfo1/lyul1/IBD/metal_update/withUKB/gc_0.01/GC_Final/processed/forsmr_afreq/EUR_CD.alt.harmo.ma' --beqtl-summary '/data/l2_bioinfo1/lyul1/IBD/SMR/xQTLs_harmonized/EUR/Expr/UVA_Expr.cis_qtl_pairs.allchr' --heidi-min-m 3 --diff-freq-prop 0.5 --target-snp 'rs4705943' --out '/data/l2_bioinfo1/lyul1/IBD/SMR/smr_res/CD/EUR/UVA_Expr/ENSG00000197208'	SLC22A4	TWAS	ENSG00000197208
Expr	all_gene_tss.CD.EUR.UVA_Expr.ENSG00000198502	CD	EUR	UVA_Expr	ENSG00000198502	ENSG00000198502	6	31530287	33530287	rs68176300	3.60668052664064e-67	/data/l2_bioinfo1/lyul1/Reference/1KG_hg38/allsamples/EUR/processed/no.dup/chr6.EUR	/data/l2_bioinfo1/lyul1/IBD/metal_update/withUKB/gc_0.01/GC_Final/processed/forsmr_afreq/EUR_CD.alt.harmo.ma	/data/l2_bioinfo1/lyul1/IBD/SMR/xQTLs_harmonized/EUR/Expr/UVA_Expr.cis_qtl_pairs.allchr	/data/l2_bioinfo1/lyul1/IBD/SMR/smr_res/CD/EUR/UVA_Expr/ENSG00000198502	""	mkdir -p '/data/l2_bioinfo1/lyul1/IBD/SMR/smr_res/CD/EUR/UVA_Expr' && '/data/l2_bioinfo1/lyul1/tools/smr-1.4.1-linux-x86_64/smr' --bfile '/data/l2_bioinfo1/lyul1/Reference/1KG_hg38/allsamples/EUR/processed/no.dup/chr6.EUR' --gwas-summary '/data/l2_bioinfo1/lyul1/IBD/metal_update/withUKB/gc_0.01/GC_Final/processed/forsmr_afreq/EUR_CD.alt.harmo.ma' --beqtl-summary '/data/l2_bioinfo1/lyul1/IBD/SMR/xQTLs_harmonized/EUR/Expr/UVA_Expr.cis_qtl_pairs.allchr' --heidi-min-m 3 --diff-freq-prop 0.5 --target-snp 'rs68176300' --out '/data/l2_bioinfo1/lyul1/IBD/SMR/smr_res/CD/EUR/UVA_Expr/ENSG00000198502'	HLA-DRB5	TWAS	ENSG00000198502
Expr	all_gene_tss.CD.EUR.UVA_Expr.ENSG00000203761	CD	EUR	UVA_Expr	ENSG00000203761	ENSG00000203761	1	154745829	156745829	rs6665227	1.23894668775253e-07	/data/l2_bioinfo1/lyul1/Reference/1KG_hg38/allsamples/EUR/processed/no.dup/chr1.EUR	/data/l2_bioinfo1/lyul1/IBD/metal_update/withUKB/gc_0.01/GC_Final/processed/forsmr_afreq/EUR_CD.alt.harmo.ma	/data/l2_bioinfo1/lyul1/IBD/SMR/xQTLs_harmonized/EUR/Expr/UVA_Expr.cis_qtl_pairs.allchr	/data/l2_bioinfo1/lyul1/IBD/SMR/smr_res/CD/EUR/UVA_Expr/ENSG00000203761	""	mkdir -p '/data/l2_bioinfo1/lyul1/IBD/SMR/smr_res/CD/EUR/UVA_Expr' && '/data/l2_bioinfo1/lyul1/tools/smr-1.4.1-linux-x86_64/smr' --bfile '/data/l2_bioinfo1/lyul1/Reference/1KG_hg38/allsamples/EUR/processed/no.dup/chr1.EUR' --gwas-summary '/data/l2_bioinfo1/lyul1/IBD/metal_update/withUKB/gc_0.01/GC_Final/processed/forsmr_afreq/EUR_CD.alt.harmo.ma' --beqtl-summary '/data/l2_bioinfo1/lyul1/IBD/SMR/xQTLs_harmonized/EUR/Expr/UVA_Expr.cis_qtl_pairs.allchr' --heidi-min-m 3 --diff-freq-prop 0.5 --target-snp 'rs6665227' --out '/data/l2_bioinfo1/lyul1/IBD/SMR/smr_res/CD/EUR/UVA_Expr/ENSG00000203761'	MSTO2P	TWAS	ENSG00000203761
Expr	all_gene_tss.CD.EUR.UVA_Expr.ENSG00000204231	CD	EUR	UVA_Expr	ENSG00000204231	ENSG00000204231	6	32200665	34200665	rs28366181	0.0006464184632896	/data/l2_bioinfo1/lyul1/Reference/1KG_hg38/allsamples/EUR/processed/no.dup/chr6.EUR	/data/l2_bioinfo1/lyul1/IBD/metal_update/withUKB/gc_0.01/GC_Final/processed/forsmr_afreq/EUR_CD.alt.harmo.ma	/data/l2_bioinfo1/lyul1/IBD/SMR/xQTLs_harmonized/EUR/Expr/UVA_Expr.cis_qtl_pairs.allchr	/data/l2_bioinfo1/lyul1/IBD/SMR/smr_res/CD/EUR/UVA_Expr/ENSG00000204231	""	mkdir -p '/data/l2_bioinfo1/lyul1/IBD/SMR/smr_res/CD/EUR/UVA_Expr' && '/data/l2_bioinfo1/lyul1/tools/smr-1.4.1-linux-x86_64/smr' --bfile '/data/l2_bioinfo1/lyul1/Reference/1KG_hg38/allsamples/EUR/processed/no.dup/chr6.EUR' --gwas-summary '/data/l2_bioinfo1/lyul1/IBD/metal_update/withUKB/gc_0.01/GC_Final/processed/forsmr_afreq/EUR_CD.alt.harmo.ma' --beqtl-summary '/data/l2_bioinfo1/lyul1/IBD/SMR/xQTLs_harmonized/EUR/Expr/UVA_Expr.cis_qtl_pairs.allchr' --heidi-min-m 3 --diff-freq-prop 0.5 --target-snp 'rs28366181' --out '/data/l2_bioinfo1/lyul1/IBD/SMR/smr_res/CD/EUR/UVA_Expr/ENSG00000204231'	RXRB	TWAS	ENSG00000204231
Expr	all_gene_tss.CD.EUR.UVA_Expr.ENSG00000204248	CD	EUR	UVA_Expr	ENSG00000204248	ENSG00000204248	6	32192499	34192499	rs3998153	0.0003382354843735	/data/l2_bioinfo1/lyul1/Reference/1KG_hg38/allsamples/EUR/processed/no.dup/chr6.EUR	/data/l2_bioinfo1/lyul1/IBD/metal_update/withUKB/gc_0.01/GC_Final/processed/forsmr_afreq/EUR_CD.alt.harmo.ma	/data/l2_bioinfo1/lyul1/IBD/SMR/xQTLs_harmonized/EUR/Expr/UVA_Expr.cis_qtl_pairs.allchr	/data/l2_bioinfo1/lyul1/IBD/SMR/smr_res/CD/EUR/UVA_Expr/ENSG00000204248	""	mkdir -p '/data/l2_bioinfo1/lyul1/IBD/SMR/smr_res/CD/EUR/UVA_Expr' && '/data/l2_bioinfo1/lyul1/tools/smr-1.4.1-linux-x86_64/smr' --bfile '/data/l2_bioinfo1/lyul1/Reference/1KG_hg38/allsamples/EUR/processed/no.dup/chr6.EUR' --gwas-summary '/data/l2_bioinfo1/lyul1/IBD/metal_update/withUKB/gc_0.01/GC_Final/processed/forsmr_afreq/EUR_CD.alt.harmo.ma' --beqtl-summary '/data/l2_bioinfo1/lyul1/IBD/SMR/xQTLs_harmonized/EUR/Expr/UVA_Expr.cis_qtl_pairs.allchr' --heidi-min-m 3 --diff-freq-prop 0.5 --target-snp 'rs3998153' --out '/data/l2_bioinfo1/lyul1/IBD/SMR/smr_res/CD/EUR/UVA_Expr/ENSG00000204248'	COL11A2	TWAS	ENSG00000204248
Expr	all_gene_tss.CD.EUR.UVA_Expr.ENSG00000204257	CD	EUR	UVA_Expr	ENSG00000204257	ENSG00000204257	6	31969094	33969094	rs34153000	1.25144910686825e-05	/data/l2_bioinfo1/lyul1/Reference/1KG_hg38/allsamples/EUR/processed/no.dup/chr6.EUR	/data/l2_bioinfo1/lyul1/IBD/metal_update/withUKB/gc_0.01/GC_Final/processed/forsmr_afreq/EUR_CD.alt.harmo.ma	/data/l2_bioinfo1/lyul1/IBD/SMR/xQTLs_harmonized/EUR/Expr/UVA_Expr.cis_qtl_pairs.allchr	/data/l2_bioinfo1/lyul1/IBD/SMR/smr_res/CD/EUR/UVA_Expr/ENSG00000204257	""	mkdir -p '/data/l2_bioinfo1/lyul1/IBD/SMR/smr_res/CD/EUR/UVA_Expr' && '/data/l2_bioinfo1/lyul1/tools/smr-1.4.1-linux-x86_64/smr' --bfile '/data/l2_bioinfo1/lyul1/Reference/1KG_hg38/allsamples/EUR/processed/no.dup/chr6.EUR' --gwas-summary '/data/l2_bioinfo1/lyul1/IBD/metal_update/withUKB/gc_0.01/GC_Final/processed/forsmr_afreq/EUR_CD.alt.harmo.ma' --beqtl-summary '/data/l2_bioinfo1/lyul1/IBD/SMR/xQTLs_harmonized/EUR/Expr/UVA_Expr.cis_qtl_pairs.allchr' --heidi-min-m 3 --diff-freq-prop 0.5 --target-snp 'rs34153000' --out '/data/l2_bioinfo1/lyul1/IBD/SMR/smr_res/CD/EUR/UVA_Expr/ENSG00000204257'	HLA-DMA	TWAS	ENSG00000204257
Expr	all_gene_tss.CD.EUR.UVA_Expr.ENSG00000204385	CD	EUR	UVA_Expr	ENSG00000204385	ENSG00000204385	6	30879046	32879046	rs11961665	4.44925510169253e-09	/data/l2_bioinfo1/lyul1/Reference/1KG_hg38/allsamples/EUR/processed/no.dup/chr6.EUR	/data/l2_bioinfo1/lyul1/IBD/metal_update/withUKB/gc_0.01/GC_Final/processed/forsmr_afreq/EUR_CD.alt.harmo.ma	/data/l2_bioinfo1/lyul1/IBD/SMR/xQTLs_harmonized/EUR/Expr/UVA_Expr.cis_qtl_pairs.allchr	/data/l2_bioinfo1/lyul1/IBD/SMR/smr_res/CD/EUR/UVA_Expr/ENSG00000204385	""	mkdir -p '/data/l2_bioinfo1/lyul1/IBD/SMR/smr_res/CD/EUR/UVA_Expr' && '/data/l2_bioinfo1/lyul1/tools/smr-1.4.1-linux-x86_64/smr' --bfile '/data/l2_bioinfo1/lyul1/Reference/1KG_hg38/allsamples/EUR/processed/no.dup/chr6.EUR' --gwas-summary '/data/l2_bioinfo1/lyul1/IBD/metal_update/withUKB/gc_0.01/GC_Final/processed/forsmr_afreq/EUR_CD.alt.harmo.ma' --beqtl-summary '/data/l2_bioinfo1/lyul1/IBD/SMR/xQTLs_harmonized/EUR/Expr/UVA_Expr.cis_qtl_pairs.allchr' --heidi-min-m 3 --diff-freq-prop 0.5 --target-snp 'rs11961665' --out '/data/l2_bioinfo1/lyul1/IBD/SMR/smr_res/CD/EUR/UVA_Expr/ENSG00000204385'	SLC44A4	TWAS	ENSG00000204385
Expr	all_gene_tss.CD.EUR.UVA_Expr.ENSG00000204525	CD	EUR	UVA_Expr	ENSG00000204525	ENSG00000204525	6	30272130	32272130	rs2245731	1.8480909464772e-36	/data/l2_bioinfo1/lyul1/Reference/1KG_hg38/allsamples/EUR/processed/no.dup/chr6.EUR	/data/l2_bioinfo1/lyul1/IBD/metal_update/withUKB/gc_0.01/GC_Final/processed/forsmr_afreq/EUR_CD.alt.harmo.ma	/data/l2_bioinfo1/lyul1/IBD/SMR/xQTLs_harmonized/EUR/Expr/UVA_Expr.cis_qtl_pairs.allchr	/data/l2_bioinfo1/lyul1/IBD/SMR/smr_res/CD/EUR/UVA_Expr/ENSG00000204525	""	mkdir -p '/data/l2_bioinfo1/lyul1/IBD/SMR/smr_res/CD/EUR/UVA_Expr' && '/data/l2_bioinfo1/lyul1/tools/smr-1.4.1-linux-x86_64/smr' --bfile '/data/l2_bioinfo1/lyul1/Reference/1KG_hg38/allsamples/EUR/processed/no.dup/chr6.EUR' --gwas-summary '/data/l2_bioinfo1/lyul1/IBD/metal_update/withUKB/gc_0.01/GC_Final/processed/forsmr_afreq/EUR_CD.alt.harmo.ma' --beqtl-summary '/data/l2_bioinfo1/lyul1/IBD/SMR/xQTLs_harmonized/EUR/Expr/UVA_Expr.cis_qtl_pairs.allchr' --heidi-min-m 3 --diff-freq-prop 0.5 --target-snp 'rs2245731' --out '/data/l2_bioinfo1/lyul1/IBD/SMR/smr_res/CD/EUR/UVA_Expr/ENSG00000204525'	HLA-C	TWAS	ENSG00000204525
Expr	all_gene_tss.CD.EUR.UVA_Expr.ENSG00000204538	CD	EUR	UVA_Expr	ENSG00000204538	ENSG00000204538	6	30139066	32139066	rs3094221	2.16296414890475e-46	/data/l2_bioinfo1/lyul1/Reference/1KG_hg38/allsamples/EUR/processed/no.dup/chr6.EUR	/data/l2_bioinfo1/lyul1/IBD/metal_update/withUKB/gc_0.01/GC_Final/processed/forsmr_afreq/EUR_CD.alt.harmo.ma	/data/l2_bioinfo1/lyul1/IBD/SMR/xQTLs_harmonized/EUR/Expr/UVA_Expr.cis_qtl_pairs.allchr	/data/l2_bioinfo1/lyul1/IBD/SMR/smr_res/CD/EUR/UVA_Expr/ENSG00000204538	""	mkdir -p '/data/l2_bioinfo1/lyul1/IBD/SMR/smr_res/CD/EUR/UVA_Expr' && '/data/l2_bioinfo1/lyul1/tools/smr-1.4.1-linux-x86_64/smr' --bfile '/data/l2_bioinfo1/lyul1/Reference/1KG_hg38/allsamples/EUR/processed/no.dup/chr6.EUR' --gwas-summary '/data/l2_bioinfo1/lyul1/IBD/metal_update/withUKB/gc_0.01/GC_Final/processed/forsmr_afreq/EUR_CD.alt.harmo.ma' --beqtl-summary '/data/l2_bioinfo1/lyul1/IBD/SMR/xQTLs_harmonized/EUR/Expr/UVA_Expr.cis_qtl_pairs.allchr' --heidi-min-m 3 --diff-freq-prop 0.5 --target-snp 'rs3094221' --out '/data/l2_bioinfo1/lyul1/IBD/SMR/smr_res/CD/EUR/UVA_Expr/ENSG00000204538'	PSORS1C2	TWAS	ENSG00000204538
Expr	all_gene_tss.CD.EUR.UVA_Expr.ENSG00000204610	CD	EUR	UVA_Expr	ENSG00000204610	ENSG00000204610	6	29163206	31163206	rs28400887	2.369106150751e-08	/data/l2_bioinfo1/lyul1/Reference/1KG_hg38/allsamples/EUR/processed/no.dup/chr6.EUR	/data/l2_bioinfo1/lyul1/IBD/metal_update/withUKB/gc_0.01/GC_Final/processed/forsmr_afreq/EUR_CD.alt.harmo.ma	/data/l2_bioinfo1/lyul1/IBD/SMR/xQTLs_harmonized/EUR/Expr/UVA_Expr.cis_qtl_pairs.allchr	/data/l2_bioinfo1/lyul1/IBD/SMR/smr_res/CD/EUR/UVA_Expr/ENSG00000204610	""	mkdir -p '/data/l2_bioinfo1/lyul1/IBD/SMR/smr_res/CD/EUR/UVA_Expr' && '/data/l2_bioinfo1/lyul1/tools/smr-1.4.1-linux-x86_64/smr' --bfile '/data/l2_bioinfo1/lyul1/Reference/1KG_hg38/allsamples/EUR/processed/no.dup/chr6.EUR' --gwas-summary '/data/l2_bioinfo1/lyul1/IBD/metal_update/withUKB/gc_0.01/GC_Final/processed/forsmr_afreq/EUR_CD.alt.harmo.ma' --beqtl-summary '/data/l2_bioinfo1/lyul1/IBD/SMR/xQTLs_harmonized/EUR/Expr/UVA_Expr.cis_qtl_pairs.allchr' --heidi-min-m 3 --diff-freq-prop 0.5 --target-snp 'rs28400887' --out '/data/l2_bioinfo1/lyul1/IBD/SMR/smr_res/CD/EUR/UVA_Expr/ENSG00000204610'	TRIM15	TWAS	ENSG00000204610
Expr	all_gene_tss.CD.EUR.UVA_Expr.ENSG00000204642	CD	EUR	UVA_Expr	ENSG00000204642	ENSG00000204642	6	28722775	30722775	rs1362125	5.45046291241067e-46	/data/l2_bioinfo1/lyul1/Reference/1KG_hg38/allsamples/EUR/processed/no.dup/chr6.EUR	/data/l2_bioinfo1/lyul1/IBD/metal_update/withUKB/gc_0.01/GC_Final/processed/forsmr_afreq/EUR_CD.alt.harmo.ma	/data/l2_bioinfo1/lyul1/IBD/SMR/xQTLs_harmonized/EUR/Expr/UVA_Expr.cis_qtl_pairs.allchr	/data/l2_bioinfo1/lyul1/IBD/SMR/smr_res/CD/EUR/UVA_Expr/ENSG00000204642	""	mkdir -p '/data/l2_bioinfo1/lyul1/IBD/SMR/smr_res/CD/EUR/UVA_Expr' && '/data/l2_bioinfo1/lyul1/tools/smr-1.4.1-linux-x86_64/smr' --bfile '/data/l2_bioinfo1/lyul1/Reference/1KG_hg38/allsamples/EUR/processed/no.dup/chr6.EUR' --gwas-summary '/data/l2_bioinfo1/lyul1/IBD/metal_update/withUKB/gc_0.01/GC_Final/processed/forsmr_afreq/EUR_CD.alt.harmo.ma' --beqtl-summary '/data/l2_bioinfo1/lyul1/IBD/SMR/xQTLs_harmonized/EUR/Expr/UVA_Expr.cis_qtl_pairs.allchr' --heidi-min-m 3 --diff-freq-prop 0.5 --target-snp 'rs1362125' --out '/data/l2_bioinfo1/lyul1/IBD/SMR/smr_res/CD/EUR/UVA_Expr/ENSG00000204642'	HLA-F	TWAS	ENSG00000204642
Expr	all_gene_tss.CD.EUR.UVA_Expr.ENSG00000204644	CD	EUR	UVA_Expr	ENSG00000204644	ENSG00000204644	6	28681155	30681155	rs374317	5.38828120518948e-78	/data/l2_bioinfo1/lyul1/Reference/1KG_hg38/allsamples/EUR/processed/no.dup/chr6.EUR	/data/l2_bioinfo1/lyul1/IBD/metal_update/withUKB/gc_0.01/GC_Final/processed/forsmr_afreq/EUR_CD.alt.harmo.ma	/data/l2_bioinfo1/lyul1/IBD/SMR/xQTLs_harmonized/EUR/Expr/UVA_Expr.cis_qtl_pairs.allchr	/data/l2_bioinfo1/lyul1/IBD/SMR/smr_res/CD/EUR/UVA_Expr/ENSG00000204644	""	mkdir -p '/data/l2_bioinfo1/lyul1/IBD/SMR/smr_res/CD/EUR/UVA_Expr' && '/data/l2_bioinfo1/lyul1/tools/smr-1.4.1-linux-x86_64/smr' --bfile '/data/l2_bioinfo1/lyul1/Reference/1KG_hg38/allsamples/EUR/processed/no.dup/chr6.EUR' --gwas-summary '/data/l2_bioinfo1/lyul1/IBD/metal_update/withUKB/gc_0.01/GC_Final/processed/forsmr_afreq/EUR_CD.alt.harmo.ma' --beqtl-summary '/data/l2_bioinfo1/lyul1/IBD/SMR/xQTLs_harmonized/EUR/Expr/UVA_Expr.cis_qtl_pairs.allchr' --heidi-min-m 3 --diff-freq-prop 0.5 --target-snp 'rs374317' --out '/data/l2_bioinfo1/lyul1/IBD/SMR/smr_res/CD/EUR/UVA_Expr/ENSG00000204644'	ZFP57	TWAS	ENSG00000204644
Expr	all_gene_tss.CD.EUR.UVA_Expr.ENSG00000204681	CD	EUR	UVA_Expr	ENSG00000204681	ENSG00000204681	6	28633976	30633976	rs9261395	5.37049232668142e-12	/data/l2_bioinfo1/lyul1/Reference/1KG_hg38/allsamples/EUR/processed/no.dup/chr6.EUR	/data/l2_bioinfo1/lyul1/IBD/metal_update/withUKB/gc_0.01/GC_Final/processed/forsmr_afreq/EUR_CD.alt.harmo.ma	/data/l2_bioinfo1/lyul1/IBD/SMR/xQTLs_harmonized/EUR/Expr/UVA_Expr.cis_qtl_pairs.allchr	/data/l2_bioinfo1/lyul1/IBD/SMR/smr_res/CD/EUR/UVA_Expr/ENSG00000204681	""	mkdir -p '/data/l2_bioinfo1/lyul1/IBD/SMR/smr_res/CD/EUR/UVA_Expr' && '/data/l2_bioinfo1/lyul1/tools/smr-1.4.1-linux-x86_64/smr' --bfile '/data/l2_bioinfo1/lyul1/Reference/1KG_hg38/allsamples/EUR/processed/no.dup/chr6.EUR' --gwas-summary '/data/l2_bioinfo1/lyul1/IBD/metal_update/withUKB/gc_0.01/GC_Final/processed/forsmr_afreq/EUR_CD.alt.harmo.ma' --beqtl-summary '/data/l2_bioinfo1/lyul1/IBD/SMR/xQTLs_harmonized/EUR/Expr/UVA_Expr.cis_qtl_pairs.allchr' --heidi-min-m 3 --diff-freq-prop 0.5 --target-snp 'rs9261395' --out '/data/l2_bioinfo1/lyul1/IBD/SMR/smr_res/CD/EUR/UVA_Expr/ENSG00000204681'	GABBR1	TWAS	ENSG00000204681
Expr	all_gene_tss.CD.EUR.UVA_Expr.ENSG00000205089	CD	EUR	UVA_Expr	ENSG00000205089	ENSG00000205089	5	131747426	133747426	rs73255054	1.52367617779675e-05	/data/l2_bioinfo1/lyul1/Reference/1KG_hg38/allsamples/EUR/processed/no.dup/chr5.EUR	/data/l2_bioinfo1/lyul1/IBD/metal_update/withUKB/gc_0.01/GC_Final/processed/forsmr_afreq/EUR_CD.alt.harmo.ma	/data/l2_bioinfo1/lyul1/IBD/SMR/xQTLs_harmonized/EUR/Expr/UVA_Expr.cis_qtl_pairs.allchr	/data/l2_bioinfo1/lyul1/IBD/SMR/smr_res/CD/EUR/UVA_Expr/ENSG00000205089	""	mkdir -p '/data/l2_bioinfo1/lyul1/IBD/SMR/smr_res/CD/EUR/UVA_Expr' && '/data/l2_bioinfo1/lyul1/tools/smr-1.4.1-linux-x86_64/smr' --bfile '/data/l2_bioinfo1/lyul1/Reference/1KG_hg38/allsamples/EUR/processed/no.dup/chr5.EUR' --gwas-summary '/data/l2_bioinfo1/lyul1/IBD/metal_update/withUKB/gc_0.01/GC_Final/processed/forsmr_afreq/EUR_CD.alt.harmo.ma' --beqtl-summary '/data/l2_bioinfo1/lyul1/IBD/SMR/xQTLs_harmonized/EUR/Expr/UVA_Expr.cis_qtl_pairs.allchr' --heidi-min-m 3 --diff-freq-prop 0.5 --target-snp 'rs73255054' --out '/data/l2_bioinfo1/lyul1/IBD/SMR/smr_res/CD/EUR/UVA_Expr/ENSG00000205089'	CCNI2	TWAS	ENSG00000205089
Expr	all_gene_tss.CD.EUR.UVA_Expr.ENSG00000205414	CD	EUR	UVA_Expr	ENSG00000205414	ENSG00000205414	16	49613684	51613684	rs4785228	0.000886259976276	/data/l2_bioinfo1/lyul1/Reference/1KG_hg38/allsamples/EUR/processed/no.dup/chr16.EUR	/data/l2_bioinfo1/lyul1/IBD/metal_update/withUKB/gc_0.01/GC_Final/processed/forsmr_afreq/EUR_CD.alt.harmo.ma	/data/l2_bioinfo1/lyul1/IBD/SMR/xQTLs_harmonized/EUR/Expr/UVA_Expr.cis_qtl_pairs.allchr	/data/l2_bioinfo1/lyul1/IBD/SMR/smr_res/CD/EUR/UVA_Expr/ENSG00000205414	""	mkdir -p '/data/l2_bioinfo1/lyul1/IBD/SMR/smr_res/CD/EUR/UVA_Expr' && '/data/l2_bioinfo1/lyul1/tools/smr-1.4.1-linux-x86_64/smr' --bfile '/data/l2_bioinfo1/lyul1/Reference/1KG_hg38/allsamples/EUR/processed/no.dup/chr16.EUR' --gwas-summary '/data/l2_bioinfo1/lyul1/IBD/metal_update/withUKB/gc_0.01/GC_Final/processed/forsmr_afreq/EUR_CD.alt.harmo.ma' --beqtl-summary '/data/l2_bioinfo1/lyul1/IBD/SMR/xQTLs_harmonized/EUR/Expr/UVA_Expr.cis_qtl_pairs.allchr' --heidi-min-m 3 --diff-freq-prop 0.5 --target-snp 'rs4785228' --out '/data/l2_bioinfo1/lyul1/IBD/SMR/smr_res/CD/EUR/UVA_Expr/ENSG00000205414'	RP11-401P9.6	TWAS	ENSG00000205414
Expr	all_gene_tss.CD.EUR.UVA_Expr.ENSG00000213719	CD	EUR	UVA_Expr	ENSG00000213719	ENSG00000213719	6	30739763	32739763	rs114948148	2.5964720917676e-09	/data/l2_bioinfo1/lyul1/Reference/1KG_hg38/allsamples/EUR/processed/no.dup/chr6.EUR	/data/l2_bioinfo1/lyul1/IBD/metal_update/withUKB/gc_0.01/GC_Final/processed/forsmr_afreq/EUR_CD.alt.harmo.ma	/data/l2_bioinfo1/lyul1/IBD/SMR/xQTLs_harmonized/EUR/Expr/UVA_Expr.cis_qtl_pairs.allchr	/data/l2_bioinfo1/lyul1/IBD/SMR/smr_res/CD/EUR/UVA_Expr/ENSG00000213719	""	mkdir -p '/data/l2_bioinfo1/lyul1/IBD/SMR/smr_res/CD/EUR/UVA_Expr' && '/data/l2_bioinfo1/lyul1/tools/smr-1.4.1-linux-x86_64/smr' --bfile '/data/l2_bioinfo1/lyul1/Reference/1KG_hg38/allsamples/EUR/processed/no.dup/chr6.EUR' --gwas-summary '/data/l2_bioinfo1/lyul1/IBD/metal_update/withUKB/gc_0.01/GC_Final/processed/forsmr_afreq/EUR_CD.alt.harmo.ma' --beqtl-summary '/data/l2_bioinfo1/lyul1/IBD/SMR/xQTLs_harmonized/EUR/Expr/UVA_Expr.cis_qtl_pairs.allchr' --heidi-min-m 3 --diff-freq-prop 0.5 --target-snp 'rs114948148' --out '/data/l2_bioinfo1/lyul1/IBD/SMR/smr_res/CD/EUR/UVA_Expr/ENSG00000213719'	CLIC1	TWAS	ENSG00000213719
Expr	all_gene_tss.CD.EUR.UVA_Expr.ENSG00000214655	CD	EUR	UVA_Expr	ENSG00000214655	ENSG00000214655	10	72785606	74785606	rs2633309	5.4197571106864e-06	/data/l2_bioinfo1/lyul1/Reference/1KG_hg38/allsamples/EUR/processed/no.dup/chr10.EUR	/data/l2_bioinfo1/lyul1/IBD/metal_update/withUKB/gc_0.01/GC_Final/processed/forsmr_afreq/EUR_CD.alt.harmo.ma	/data/l2_bioinfo1/lyul1/IBD/SMR/xQTLs_harmonized/EUR/Expr/UVA_Expr.cis_qtl_pairs.allchr	/data/l2_bioinfo1/lyul1/IBD/SMR/smr_res/CD/EUR/UVA_Expr/ENSG00000214655	""	mkdir -p '/data/l2_bioinfo1/lyul1/IBD/SMR/smr_res/CD/EUR/UVA_Expr' && '/data/l2_bioinfo1/lyul1/tools/smr-1.4.1-linux-x86_64/smr' --bfile '/data/l2_bioinfo1/lyul1/Reference/1KG_hg38/allsamples/EUR/processed/no.dup/chr10.EUR' --gwas-summary '/data/l2_bioinfo1/lyul1/IBD/metal_update/withUKB/gc_0.01/GC_Final/processed/forsmr_afreq/EUR_CD.alt.harmo.ma' --beqtl-summary '/data/l2_bioinfo1/lyul1/IBD/SMR/xQTLs_harmonized/EUR/Expr/UVA_Expr.cis_qtl_pairs.allchr' --heidi-min-m 3 --diff-freq-prop 0.5 --target-snp 'rs2633309' --out '/data/l2_bioinfo1/lyul1/IBD/SMR/smr_res/CD/EUR/UVA_Expr/ENSG00000214655'	ZSWIM8	TWAS	ENSG00000214655
Expr	all_gene_tss.CD.EUR.UVA_Expr.ENSG00000224389	CD	EUR	UVA_Expr	ENSG00000224389	ENSG00000224389	6	31014795	33014795	rs36221133	2.323949407904e-16	/data/l2_bioinfo1/lyul1/Reference/1KG_hg38/allsamples/EUR/processed/no.dup/chr6.EUR	/data/l2_bioinfo1/lyul1/IBD/metal_update/withUKB/gc_0.01/GC_Final/processed/forsmr_afreq/EUR_CD.alt.harmo.ma	/data/l2_bioinfo1/lyul1/IBD/SMR/xQTLs_harmonized/EUR/Expr/UVA_Expr.cis_qtl_pairs.allchr	/data/l2_bioinfo1/lyul1/IBD/SMR/smr_res/CD/EUR/UVA_Expr/ENSG00000224389	""	mkdir -p '/data/l2_bioinfo1/lyul1/IBD/SMR/smr_res/CD/EUR/UVA_Expr' && '/data/l2_bioinfo1/lyul1/tools/smr-1.4.1-linux-x86_64/smr' --bfile '/data/l2_bioinfo1/lyul1/Reference/1KG_hg38/allsamples/EUR/processed/no.dup/chr6.EUR' --gwas-summary '/data/l2_bioinfo1/lyul1/IBD/metal_update/withUKB/gc_0.01/GC_Final/processed/forsmr_afreq/EUR_CD.alt.harmo.ma' --beqtl-summary '/data/l2_bioinfo1/lyul1/IBD/SMR/xQTLs_harmonized/EUR/Expr/UVA_Expr.cis_qtl_pairs.allchr' --heidi-min-m 3 --diff-freq-prop 0.5 --target-snp 'rs36221133' --out '/data/l2_bioinfo1/lyul1/IBD/SMR/smr_res/CD/EUR/UVA_Expr/ENSG00000224389'	C4B	TWAS	ENSG00000224389
Expr	all_gene_tss.CD.EUR.UVA_Expr.ENSG00000227262	CD	EUR	UVA_Expr	ENSG00000227262	ENSG00000227262	6	28926973	30926973	rs2517671	5.73246093637868e-40	/data/l2_bioinfo1/lyul1/Reference/1KG_hg38/allsamples/EUR/processed/no.dup/chr6.EUR	/data/l2_bioinfo1/lyul1/IBD/metal_update/withUKB/gc_0.01/GC_Final/processed/forsmr_afreq/EUR_CD.alt.harmo.ma	/data/l2_bioinfo1/lyul1/IBD/SMR/xQTLs_harmonized/EUR/Expr/UVA_Expr.cis_qtl_pairs.allchr	/data/l2_bioinfo1/lyul1/IBD/SMR/smr_res/CD/EUR/UVA_Expr/ENSG00000227262	""	mkdir -p '/data/l2_bioinfo1/lyul1/IBD/SMR/smr_res/CD/EUR/UVA_Expr' && '/data/l2_bioinfo1/lyul1/tools/smr-1.4.1-linux-x86_64/smr' --bfile '/data/l2_bioinfo1/lyul1/Reference/1KG_hg38/allsamples/EUR/processed/no.dup/chr6.EUR' --gwas-summary '/data/l2_bioinfo1/lyul1/IBD/metal_update/withUKB/gc_0.01/GC_Final/processed/forsmr_afreq/EUR_CD.alt.harmo.ma' --beqtl-summary '/data/l2_bioinfo1/lyul1/IBD/SMR/xQTLs_harmonized/EUR/Expr/UVA_Expr.cis_qtl_pairs.allchr' --heidi-min-m 3 --diff-freq-prop 0.5 --target-snp 'rs2517671' --out '/data/l2_bioinfo1/lyul1/IBD/SMR/smr_res/CD/EUR/UVA_Expr/ENSG00000227262'	HCG4B	TWAS	ENSG00000227262
Expr	all_gene_tss.CD.EUR.UVA_Expr.ENSG00000231389	CD	EUR	UVA_Expr	ENSG00000231389	ENSG00000231389	6	32080775	34080775	rs77746323	7.63207689860248e-31	/data/l2_bioinfo1/lyul1/Reference/1KG_hg38/allsamples/EUR/processed/no.dup/chr6.EUR	/data/l2_bioinfo1/lyul1/IBD/metal_update/withUKB/gc_0.01/GC_Final/processed/forsmr_afreq/EUR_CD.alt.harmo.ma	/data/l2_bioinfo1/lyul1/IBD/SMR/xQTLs_harmonized/EUR/Expr/UVA_Expr.cis_qtl_pairs.allchr	/data/l2_bioinfo1/lyul1/IBD/SMR/smr_res/CD/EUR/UVA_Expr/ENSG00000231389	""	mkdir -p '/data/l2_bioinfo1/lyul1/IBD/SMR/smr_res/CD/EUR/UVA_Expr' && '/data/l2_bioinfo1/lyul1/tools/smr-1.4.1-linux-x86_64/smr' --bfile '/data/l2_bioinfo1/lyul1/Reference/1KG_hg38/allsamples/EUR/processed/no.dup/chr6.EUR' --gwas-summary '/data/l2_bioinfo1/lyul1/IBD/metal_update/withUKB/gc_0.01/GC_Final/processed/forsmr_afreq/EUR_CD.alt.harmo.ma' --beqtl-summary '/data/l2_bioinfo1/lyul1/IBD/SMR/xQTLs_harmonized/EUR/Expr/UVA_Expr.cis_qtl_pairs.allchr' --heidi-min-m 3 --diff-freq-prop 0.5 --target-snp 'rs77746323' --out '/data/l2_bioinfo1/lyul1/IBD/SMR/smr_res/CD/EUR/UVA_Expr/ENSG00000231389'	HLA-DPA1	TWAS	ENSG00000231389
Expr	all_gene_tss.CD.EUR.UVA_Expr.ENSG00000231621	CD	EUR	UVA_Expr	ENSG00000231621	ENSG00000231621	2	196197888	198197888	rs12617426	3.22147220321316e-06	/data/l2_bioinfo1/lyul1/Reference/1KG_hg38/allsamples/EUR/processed/no.dup/chr2.EUR	/data/l2_bioinfo1/lyul1/IBD/metal_update/withUKB/gc_0.01/GC_Final/processed/forsmr_afreq/EUR_CD.alt.harmo.ma	/data/l2_bioinfo1/lyul1/IBD/SMR/xQTLs_harmonized/EUR/Expr/UVA_Expr.cis_qtl_pairs.allchr	/data/l2_bioinfo1/lyul1/IBD/SMR/smr_res/CD/EUR/UVA_Expr/ENSG00000231621	""	mkdir -p '/data/l2_bioinfo1/lyul1/IBD/SMR/smr_res/CD/EUR/UVA_Expr' && '/data/l2_bioinfo1/lyul1/tools/smr-1.4.1-linux-x86_64/smr' --bfile '/data/l2_bioinfo1/lyul1/Reference/1KG_hg38/allsamples/EUR/processed/no.dup/chr2.EUR' --gwas-summary '/data/l2_bioinfo1/lyul1/IBD/metal_update/withUKB/gc_0.01/GC_Final/processed/forsmr_afreq/EUR_CD.alt.harmo.ma' --beqtl-summary '/data/l2_bioinfo1/lyul1/IBD/SMR/xQTLs_harmonized/EUR/Expr/UVA_Expr.cis_qtl_pairs.allchr' --heidi-min-m 3 --diff-freq-prop 0.5 --target-snp 'rs12617426' --out '/data/l2_bioinfo1/lyul1/IBD/SMR/smr_res/CD/EUR/UVA_Expr/ENSG00000231621'	AC013264.2	TWAS	ENSG00000231621
Expr	all_gene_tss.CD.EUR.UVA_Expr.ENSG00000233597	CD	EUR	UVA_Expr	ENSG00000233597	ENSG00000233597	3	141044198	143044198	rs6789132	0.0012221275575428	/data/l2_bioinfo1/lyul1/Reference/1KG_hg38/allsamples/EUR/processed/no.dup/chr3.EUR	/data/l2_bioinfo1/lyul1/IBD/metal_update/withUKB/gc_0.01/GC_Final/processed/forsmr_afreq/EUR_CD.alt.harmo.ma	/data/l2_bioinfo1/lyul1/IBD/SMR/xQTLs_harmonized/EUR/Expr/UVA_Expr.cis_qtl_pairs.allchr	/data/l2_bioinfo1/lyul1/IBD/SMR/smr_res/CD/EUR/UVA_Expr/ENSG00000233597	""	mkdir -p '/data/l2_bioinfo1/lyul1/IBD/SMR/smr_res/CD/EUR/UVA_Expr' && '/data/l2_bioinfo1/lyul1/tools/smr-1.4.1-linux-x86_64/smr' --bfile '/data/l2_bioinfo1/lyul1/Reference/1KG_hg38/allsamples/EUR/processed/no.dup/chr3.EUR' --gwas-summary '/data/l2_bioinfo1/lyul1/IBD/metal_update/withUKB/gc_0.01/GC_Final/processed/forsmr_afreq/EUR_CD.alt.harmo.ma' --beqtl-summary '/data/l2_bioinfo1/lyul1/IBD/SMR/xQTLs_harmonized/EUR/Expr/UVA_Expr.cis_qtl_pairs.allchr' --heidi-min-m 3 --diff-freq-prop 0.5 --target-snp 'rs6789132' --out '/data/l2_bioinfo1/lyul1/IBD/SMR/smr_res/CD/EUR/UVA_Expr/ENSG00000233597'	RP11-343B5.1	TWAS	ENSG00000233597
Expr	all_gene_tss.CD.EUR.UVA_Expr.ENSG00000234072	CD	EUR	UVA_Expr	ENSG00000234072	ENSG00000234072	2	26356246	28356246	rs34341829	1.56722471125799e-24	/data/l2_bioinfo1/lyul1/Reference/1KG_hg38/allsamples/EUR/processed/no.dup/chr2.EUR	/data/l2_bioinfo1/lyul1/IBD/metal_update/withUKB/gc_0.01/GC_Final/processed/forsmr_afreq/EUR_CD.alt.harmo.ma	/data/l2_bioinfo1/lyul1/IBD/SMR/xQTLs_harmonized/EUR/Expr/UVA_Expr.cis_qtl_pairs.allchr	/data/l2_bioinfo1/lyul1/IBD/SMR/smr_res/CD/EUR/UVA_Expr/ENSG00000234072	""	mkdir -p '/data/l2_bioinfo1/lyul1/IBD/SMR/smr_res/CD/EUR/UVA_Expr' && '/data/l2_bioinfo1/lyul1/tools/smr-1.4.1-linux-x86_64/smr' --bfile '/data/l2_bioinfo1/lyul1/Reference/1KG_hg38/allsamples/EUR/processed/no.dup/chr2.EUR' --gwas-summary '/data/l2_bioinfo1/lyul1/IBD/metal_update/withUKB/gc_0.01/GC_Final/processed/forsmr_afreq/EUR_CD.alt.harmo.ma' --beqtl-summary '/data/l2_bioinfo1/lyul1/IBD/SMR/xQTLs_harmonized/EUR/Expr/UVA_Expr.cis_qtl_pairs.allchr' --heidi-min-m 3 --diff-freq-prop 0.5 --target-snp 'rs34341829' --out '/data/l2_bioinfo1/lyul1/IBD/SMR/smr_res/CD/EUR/UVA_Expr/ENSG00000234072'	AC074117.10	TWAS	ENSG00000234072
Expr	all_gene_tss.CD.EUR.UVA_Expr.ENSG00000235908	CD	EUR	UVA_Expr	ENSG00000235908	ENSG00000235908	3	48367006	50367006	rs140191313	0.0034669106971614	/data/l2_bioinfo1/lyul1/Reference/1KG_hg38/allsamples/EUR/processed/no.dup/chr3.EUR	/data/l2_bioinfo1/lyul1/IBD/metal_update/withUKB/gc_0.01/GC_Final/processed/forsmr_afreq/EUR_CD.alt.harmo.ma	/data/l2_bioinfo1/lyul1/IBD/SMR/xQTLs_harmonized/EUR/Expr/UVA_Expr.cis_qtl_pairs.allchr	/data/l2_bioinfo1/lyul1/IBD/SMR/smr_res/CD/EUR/UVA_Expr/ENSG00000235908	""	mkdir -p '/data/l2_bioinfo1/lyul1/IBD/SMR/smr_res/CD/EUR/UVA_Expr' && '/data/l2_bioinfo1/lyul1/tools/smr-1.4.1-linux-x86_64/smr' --bfile '/data/l2_bioinfo1/lyul1/Reference/1KG_hg38/allsamples/EUR/processed/no.dup/chr3.EUR' --gwas-summary '/data/l2_bioinfo1/lyul1/IBD/metal_update/withUKB/gc_0.01/GC_Final/processed/forsmr_afreq/EUR_CD.alt.harmo.ma' --beqtl-summary '/data/l2_bioinfo1/lyul1/IBD/SMR/xQTLs_harmonized/EUR/Expr/UVA_Expr.cis_qtl_pairs.allchr' --heidi-min-m 3 --diff-freq-prop 0.5 --target-snp 'rs140191313' --out '/data/l2_bioinfo1/lyul1/IBD/SMR/smr_res/CD/EUR/UVA_Expr/ENSG00000235908'	RHOA-IT1	TWAS	ENSG00000235908
Expr	all_gene_tss.CD.EUR.UVA_Expr.ENSG00000236304	CD	EUR	UVA_Expr	ENSG00000236304	ENSG00000236304	11	75656984	77656984	rs141310548	0.0015552958015197	/data/l2_bioinfo1/lyul1/Reference/1KG_hg38/allsamples/EUR/processed/no.dup/chr11.EUR	/data/l2_bioinfo1/lyul1/IBD/metal_update/withUKB/gc_0.01/GC_Final/processed/forsmr_afreq/EUR_CD.alt.harmo.ma	/data/l2_bioinfo1/lyul1/IBD/SMR/xQTLs_harmonized/EUR/Expr/UVA_Expr.cis_qtl_pairs.allchr	/data/l2_bioinfo1/lyul1/IBD/SMR/smr_res/CD/EUR/UVA_Expr/ENSG00000236304	""	mkdir -p '/data/l2_bioinfo1/lyul1/IBD/SMR/smr_res/CD/EUR/UVA_Expr' && '/data/l2_bioinfo1/lyul1/tools/smr-1.4.1-linux-x86_64/smr' --bfile '/data/l2_bioinfo1/lyul1/Reference/1KG_hg38/allsamples/EUR/processed/no.dup/chr11.EUR' --gwas-summary '/data/l2_bioinfo1/lyul1/IBD/metal_update/withUKB/gc_0.01/GC_Final/processed/forsmr_afreq/EUR_CD.alt.harmo.ma' --beqtl-summary '/data/l2_bioinfo1/lyul1/IBD/SMR/xQTLs_harmonized/EUR/Expr/UVA_Expr.cis_qtl_pairs.allchr' --heidi-min-m 3 --diff-freq-prop 0.5 --target-snp 'rs141310548' --out '/data/l2_bioinfo1/lyul1/IBD/SMR/smr_res/CD/EUR/UVA_Expr/ENSG00000236304'	AP001189.4	TWAS	ENSG00000236304
Expr	all_gene_tss.CD.EUR.UVA_Expr.ENSG00000237522	CD	EUR	UVA_Expr	ENSG00000237522	ENSG00000237522	2	59938049	61938049	rs116603750	1.04955421521353e-05	/data/l2_bioinfo1/lyul1/Reference/1KG_hg38/allsamples/EUR/processed/no.dup/chr2.EUR	/data/l2_bioinfo1/lyul1/IBD/metal_update/withUKB/gc_0.01/GC_Final/processed/forsmr_afreq/EUR_CD.alt.harmo.ma	/data/l2_bioinfo1/lyul1/IBD/SMR/xQTLs_harmonized/EUR/Expr/UVA_Expr.cis_qtl_pairs.allchr	/data/l2_bioinfo1/lyul1/IBD/SMR/smr_res/CD/EUR/UVA_Expr/ENSG00000237522	""	mkdir -p '/data/l2_bioinfo1/lyul1/IBD/SMR/smr_res/CD/EUR/UVA_Expr' && '/data/l2_bioinfo1/lyul1/tools/smr-1.4.1-linux-x86_64/smr' --bfile '/data/l2_bioinfo1/lyul1/Reference/1KG_hg38/allsamples/EUR/processed/no.dup/chr2.EUR' --gwas-summary '/data/l2_bioinfo1/lyul1/IBD/metal_update/withUKB/gc_0.01/GC_Final/processed/forsmr_afreq/EUR_CD.alt.harmo.ma' --beqtl-summary '/data/l2_bioinfo1/lyul1/IBD/SMR/xQTLs_harmonized/EUR/Expr/UVA_Expr.cis_qtl_pairs.allchr' --heidi-min-m 3 --diff-freq-prop 0.5 --target-snp 'rs116603750' --out '/data/l2_bioinfo1/lyul1/IBD/SMR/smr_res/CD/EUR/UVA_Expr/ENSG00000237522'	NONOP2	TWAS	ENSG00000237522
Expr	all_gene_tss.CD.EUR.UVA_Expr.ENSG00000237651	CD	EUR	UVA_Expr	ENSG00000237651	ENSG00000237651	2	60145068	62145068	rs2592493	3.64465544835692e-77	/data/l2_bioinfo1/lyul1/Reference/1KG_hg38/allsamples/EUR/processed/no.dup/chr2.EUR	/data/l2_bioinfo1/lyul1/IBD/metal_update/withUKB/gc_0.01/GC_Final/processed/forsmr_afreq/EUR_CD.alt.harmo.ma	/data/l2_bioinfo1/lyul1/IBD/SMR/xQTLs_harmonized/EUR/Expr/UVA_Expr.cis_qtl_pairs.allchr	/data/l2_bioinfo1/lyul1/IBD/SMR/smr_res/CD/EUR/UVA_Expr/ENSG00000237651	""	mkdir -p '/data/l2_bioinfo1/lyul1/IBD/SMR/smr_res/CD/EUR/UVA_Expr' && '/data/l2_bioinfo1/lyul1/tools/smr-1.4.1-linux-x86_64/smr' --bfile '/data/l2_bioinfo1/lyul1/Reference/1KG_hg38/allsamples/EUR/processed/no.dup/chr2.EUR' --gwas-summary '/data/l2_bioinfo1/lyul1/IBD/metal_update/withUKB/gc_0.01/GC_Final/processed/forsmr_afreq/EUR_CD.alt.harmo.ma' --beqtl-summary '/data/l2_bioinfo1/lyul1/IBD/SMR/xQTLs_harmonized/EUR/Expr/UVA_Expr.cis_qtl_pairs.allchr' --heidi-min-m 3 --diff-freq-prop 0.5 --target-snp 'rs2592493' --out '/data/l2_bioinfo1/lyul1/IBD/SMR/smr_res/CD/EUR/UVA_Expr/ENSG00000237651'	C2orf74	TWAS	ENSG00000237651
Expr	all_gene_tss.CD.EUR.UVA_Expr.ENSG00000241106	CD	EUR	UVA_Expr	ENSG00000241106	ENSG00000241106	6	31820466	33820466	rs4148876	1.5005423062783e-20	/data/l2_bioinfo1/lyul1/Reference/1KG_hg38/allsamples/EUR/processed/no.dup/chr6.EUR	/data/l2_bioinfo1/lyul1/IBD/metal_update/withUKB/gc_0.01/GC_Final/processed/forsmr_afreq/EUR_CD.alt.harmo.ma	/data/l2_bioinfo1/lyul1/IBD/SMR/xQTLs_harmonized/EUR/Expr/UVA_Expr.cis_qtl_pairs.allchr	/data/l2_bioinfo1/lyul1/IBD/SMR/smr_res/CD/EUR/UVA_Expr/ENSG00000241106	""	mkdir -p '/data/l2_bioinfo1/lyul1/IBD/SMR/smr_res/CD/EUR/UVA_Expr' && '/data/l2_bioinfo1/lyul1/tools/smr-1.4.1-linux-x86_64/smr' --bfile '/data/l2_bioinfo1/lyul1/Reference/1KG_hg38/allsamples/EUR/processed/no.dup/chr6.EUR' --gwas-summary '/data/l2_bioinfo1/lyul1/IBD/metal_update/withUKB/gc_0.01/GC_Final/processed/forsmr_afreq/EUR_CD.alt.harmo.ma' --beqtl-summary '/data/l2_bioinfo1/lyul1/IBD/SMR/xQTLs_harmonized/EUR/Expr/UVA_Expr.cis_qtl_pairs.allchr' --heidi-min-m 3 --diff-freq-prop 0.5 --target-snp 'rs4148876' --out '/data/l2_bioinfo1/lyul1/IBD/SMR/smr_res/CD/EUR/UVA_Expr/ENSG00000241106'	HLA-DOB	TWAS	ENSG00000241106
Expr	all_gene_tss.CD.EUR.UVA_Expr.ENSG00000243509	CD	EUR	UVA_Expr	ENSG00000243509	ENSG00000243509	20	62696652	64696652	rs3787092	1.52069297707279e-06	/data/l2_bioinfo1/lyul1/Reference/1KG_hg38/allsamples/EUR/processed/no.dup/chr20.EUR	/data/l2_bioinfo1/lyul1/IBD/metal_update/withUKB/gc_0.01/GC_Final/processed/forsmr_afreq/EUR_CD.alt.harmo.ma	/data/l2_bioinfo1/lyul1/IBD/SMR/xQTLs_harmonized/EUR/Expr/UVA_Expr.cis_qtl_pairs.allchr	/data/l2_bioinfo1/lyul1/IBD/SMR/smr_res/CD/EUR/UVA_Expr/ENSG00000243509	""	mkdir -p '/data/l2_bioinfo1/lyul1/IBD/SMR/smr_res/CD/EUR/UVA_Expr' && '/data/l2_bioinfo1/lyul1/tools/smr-1.4.1-linux-x86_64/smr' --bfile '/data/l2_bioinfo1/lyul1/Reference/1KG_hg38/allsamples/EUR/processed/no.dup/chr20.EUR' --gwas-summary '/data/l2_bioinfo1/lyul1/IBD/metal_update/withUKB/gc_0.01/GC_Final/processed/forsmr_afreq/EUR_CD.alt.harmo.ma' --beqtl-summary '/data/l2_bioinfo1/lyul1/IBD/SMR/xQTLs_harmonized/EUR/Expr/UVA_Expr.cis_qtl_pairs.allchr' --heidi-min-m 3 --diff-freq-prop 0.5 --target-snp 'rs3787092' --out '/data/l2_bioinfo1/lyul1/IBD/SMR/smr_res/CD/EUR/UVA_Expr/ENSG00000243509'	TNFRSF6B	TWAS	ENSG00000243509
Expr	all_gene_tss.CD.EUR.UVA_Expr.ENSG00000243649	CD	EUR	UVA_Expr	ENSG00000243649	ENSG00000243649	6	30945650	32945650	rs2243873	0.0008807793794432	/data/l2_bioinfo1/lyul1/Reference/1KG_hg38/allsamples/EUR/processed/no.dup/chr6.EUR	/data/l2_bioinfo1/lyul1/IBD/metal_update/withUKB/gc_0.01/GC_Final/processed/forsmr_afreq/EUR_CD.alt.harmo.ma	/data/l2_bioinfo1/lyul1/IBD/SMR/xQTLs_harmonized/EUR/Expr/UVA_Expr.cis_qtl_pairs.allchr	/data/l2_bioinfo1/lyul1/IBD/SMR/smr_res/CD/EUR/UVA_Expr/ENSG00000243649	""	mkdir -p '/data/l2_bioinfo1/lyul1/IBD/SMR/smr_res/CD/EUR/UVA_Expr' && '/data/l2_bioinfo1/lyul1/tools/smr-1.4.1-linux-x86_64/smr' --bfile '/data/l2_bioinfo1/lyul1/Reference/1KG_hg38/allsamples/EUR/processed/no.dup/chr6.EUR' --gwas-summary '/data/l2_bioinfo1/lyul1/IBD/metal_update/withUKB/gc_0.01/GC_Final/processed/forsmr_afreq/EUR_CD.alt.harmo.ma' --beqtl-summary '/data/l2_bioinfo1/lyul1/IBD/SMR/xQTLs_harmonized/EUR/Expr/UVA_Expr.cis_qtl_pairs.allchr' --heidi-min-m 3 --diff-freq-prop 0.5 --target-snp 'rs2243873' --out '/data/l2_bioinfo1/lyul1/IBD/SMR/smr_res/CD/EUR/UVA_Expr/ENSG00000243649'	CFB	TWAS	ENSG00000243649
Expr	all_gene_tss.CD.EUR.UVA_Expr.ENSG00000243753	CD	EUR	UVA_Expr	ENSG00000243753	ENSG00000243753	6	29259625	31259625	rs9262549	1.04684416578004e-17	/data/l2_bioinfo1/lyul1/Reference/1KG_hg38/allsamples/EUR/processed/no.dup/chr6.EUR	/data/l2_bioinfo1/lyul1/IBD/metal_update/withUKB/gc_0.01/GC_Final/processed/forsmr_afreq/EUR_CD.alt.harmo.ma	/data/l2_bioinfo1/lyul1/IBD/SMR/xQTLs_harmonized/EUR/Expr/UVA_Expr.cis_qtl_pairs.allchr	/data/l2_bioinfo1/lyul1/IBD/SMR/smr_res/CD/EUR/UVA_Expr/ENSG00000243753	""	mkdir -p '/data/l2_bioinfo1/lyul1/IBD/SMR/smr_res/CD/EUR/UVA_Expr' && '/data/l2_bioinfo1/lyul1/tools/smr-1.4.1-linux-x86_64/smr' --bfile '/data/l2_bioinfo1/lyul1/Reference/1KG_hg38/allsamples/EUR/processed/no.dup/chr6.EUR' --gwas-summary '/data/l2_bioinfo1/lyul1/IBD/metal_update/withUKB/gc_0.01/GC_Final/processed/forsmr_afreq/EUR_CD.alt.harmo.ma' --beqtl-summary '/data/l2_bioinfo1/lyul1/IBD/SMR/xQTLs_harmonized/EUR/Expr/UVA_Expr.cis_qtl_pairs.allchr' --heidi-min-m 3 --diff-freq-prop 0.5 --target-snp 'rs9262549' --out '/data/l2_bioinfo1/lyul1/IBD/SMR/smr_res/CD/EUR/UVA_Expr/ENSG00000243753'	HLA-L	TWAS	ENSG00000243753
Expr	all_gene_tss.CD.EUR.UVA_Expr.ENSG00000244731	CD	EUR	UVA_Expr	ENSG00000244731	ENSG00000244731	6	30982057	32982057	rs3131383	3.88514938980402e-29	/data/l2_bioinfo1/lyul1/Reference/1KG_hg38/allsamples/EUR/processed/no.dup/chr6.EUR	/data/l2_bioinfo1/lyul1/IBD/metal_update/withUKB/gc_0.01/GC_Final/processed/forsmr_afreq/EUR_CD.alt.harmo.ma	/data/l2_bioinfo1/lyul1/IBD/SMR/xQTLs_harmonized/EUR/Expr/UVA_Expr.cis_qtl_pairs.allchr	/data/l2_bioinfo1/lyul1/IBD/SMR/smr_res/CD/EUR/UVA_Expr/ENSG00000244731	""	mkdir -p '/data/l2_bioinfo1/lyul1/IBD/SMR/smr_res/CD/EUR/UVA_Expr' && '/data/l2_bioinfo1/lyul1/tools/smr-1.4.1-linux-x86_64/smr' --bfile '/data/l2_bioinfo1/lyul1/Reference/1KG_hg38/allsamples/EUR/processed/no.dup/chr6.EUR' --gwas-summary '/data/l2_bioinfo1/lyul1/IBD/metal_update/withUKB/gc_0.01/GC_Final/processed/forsmr_afreq/EUR_CD.alt.harmo.ma' --beqtl-summary '/data/l2_bioinfo1/lyul1/IBD/SMR/xQTLs_harmonized/EUR/Expr/UVA_Expr.cis_qtl_pairs.allchr' --heidi-min-m 3 --diff-freq-prop 0.5 --target-snp 'rs3131383' --out '/data/l2_bioinfo1/lyul1/IBD/SMR/smr_res/CD/EUR/UVA_Expr/ENSG00000244731'	C4A	TWAS	ENSG00000244731
Expr	all_gene_tss.CD.EUR.UVA_Expr.ENSG00000251417	CD	EUR	UVA_Expr	ENSG00000251417	ENSG00000251417	16	27802743	29802743	rs12919058	0.0005781970785752	/data/l2_bioinfo1/lyul1/Reference/1KG_hg38/allsamples/EUR/processed/no.dup/chr16.EUR	/data/l2_bioinfo1/lyul1/IBD/metal_update/withUKB/gc_0.01/GC_Final/processed/forsmr_afreq/EUR_CD.alt.harmo.ma	/data/l2_bioinfo1/lyul1/IBD/SMR/xQTLs_harmonized/EUR/Expr/UVA_Expr.cis_qtl_pairs.allchr	/data/l2_bioinfo1/lyul1/IBD/SMR/smr_res/CD/EUR/UVA_Expr/ENSG00000251417	""	mkdir -p '/data/l2_bioinfo1/lyul1/IBD/SMR/smr_res/CD/EUR/UVA_Expr' && '/data/l2_bioinfo1/lyul1/tools/smr-1.4.1-linux-x86_64/smr' --bfile '/data/l2_bioinfo1/lyul1/Reference/1KG_hg38/allsamples/EUR/processed/no.dup/chr16.EUR' --gwas-summary '/data/l2_bioinfo1/lyul1/IBD/metal_update/withUKB/gc_0.01/GC_Final/processed/forsmr_afreq/EUR_CD.alt.harmo.ma' --beqtl-summary '/data/l2_bioinfo1/lyul1/IBD/SMR/xQTLs_harmonized/EUR/Expr/UVA_Expr.cis_qtl_pairs.allchr' --heidi-min-m 3 --diff-freq-prop 0.5 --target-snp 'rs12919058' --out '/data/l2_bioinfo1/lyul1/IBD/SMR/smr_res/CD/EUR/UVA_Expr/ENSG00000251417'	RP11-1348G14.4	TWAS	ENSG00000251417
Expr	all_gene_tss.CD.EUR.UVA_Expr.ENSG00000256433	CD	EUR	UVA_Expr	ENSG00000256433	ENSG00000256433	12	5393879	7393879	rs10774430	9.92742097603702e-09	/data/l2_bioinfo1/lyul1/Reference/1KG_hg38/allsamples/EUR/processed/no.dup/chr12.EUR	/data/l2_bioinfo1/lyul1/IBD/metal_update/withUKB/gc_0.01/GC_Final/processed/forsmr_afreq/EUR_CD.alt.harmo.ma	/data/l2_bioinfo1/lyul1/IBD/SMR/xQTLs_harmonized/EUR/Expr/UVA_Expr.cis_qtl_pairs.allchr	/data/l2_bioinfo1/lyul1/IBD/SMR/smr_res/CD/EUR/UVA_Expr/ENSG00000256433	""	mkdir -p '/data/l2_bioinfo1/lyul1/IBD/SMR/smr_res/CD/EUR/UVA_Expr' && '/data/l2_bioinfo1/lyul1/tools/smr-1.4.1-linux-x86_64/smr' --bfile '/data/l2_bioinfo1/lyul1/Reference/1KG_hg38/allsamples/EUR/processed/no.dup/chr12.EUR' --gwas-summary '/data/l2_bioinfo1/lyul1/IBD/metal_update/withUKB/gc_0.01/GC_Final/processed/forsmr_afreq/EUR_CD.alt.harmo.ma' --beqtl-summary '/data/l2_bioinfo1/lyul1/IBD/SMR/xQTLs_harmonized/EUR/Expr/UVA_Expr.cis_qtl_pairs.allchr' --heidi-min-m 3 --diff-freq-prop 0.5 --target-snp 'rs10774430' --out '/data/l2_bioinfo1/lyul1/IBD/SMR/smr_res/CD/EUR/UVA_Expr/ENSG00000256433'	RP1-102E24.8	TWAS	ENSG00000256433
Expr	all_gene_tss.CD.EUR.UVA_Expr.ENSG00000260302	CD	EUR	UVA_Expr	ENSG00000260302	ENSG00000260302	18	11776143	13776143	rs2542157	1.90391087633786e-07	/data/l2_bioinfo1/lyul1/Reference/1KG_hg38/allsamples/EUR/processed/no.dup/chr18.EUR	/data/l2_bioinfo1/lyul1/IBD/metal_update/withUKB/gc_0.01/GC_Final/processed/forsmr_afreq/EUR_CD.alt.harmo.ma	/data/l2_bioinfo1/lyul1/IBD/SMR/xQTLs_harmonized/EUR/Expr/UVA_Expr.cis_qtl_pairs.allchr	/data/l2_bioinfo1/lyul1/IBD/SMR/smr_res/CD/EUR/UVA_Expr/ENSG00000260302	""	mkdir -p '/data/l2_bioinfo1/lyul1/IBD/SMR/smr_res/CD/EUR/UVA_Expr' && '/data/l2_bioinfo1/lyul1/tools/smr-1.4.1-linux-x86_64/smr' --bfile '/data/l2_bioinfo1/lyul1/Reference/1KG_hg38/allsamples/EUR/processed/no.dup/chr18.EUR' --gwas-summary '/data/l2_bioinfo1/lyul1/IBD/metal_update/withUKB/gc_0.01/GC_Final/processed/forsmr_afreq/EUR_CD.alt.harmo.ma' --beqtl-summary '/data/l2_bioinfo1/lyul1/IBD/SMR/xQTLs_harmonized/EUR/Expr/UVA_Expr.cis_qtl_pairs.allchr' --heidi-min-m 3 --diff-freq-prop 0.5 --target-snp 'rs2542157' --out '/data/l2_bioinfo1/lyul1/IBD/SMR/smr_res/CD/EUR/UVA_Expr/ENSG00000260302'	RP11-973H7.1	TWAS	ENSG00000260302
Expr	all_gene_tss.CD.EUR.UVA_Expr.ENSG00000270210	CD	EUR	UVA_Expr	ENSG00000270210	ENSG00000270210	2	27425945	29425945	rs7562	4.97284602336939e-11	/data/l2_bioinfo1/lyul1/Reference/1KG_hg38/allsamples/EUR/processed/no.dup/chr2.EUR	/data/l2_bioinfo1/lyul1/IBD/metal_update/withUKB/gc_0.01/GC_Final/processed/forsmr_afreq/EUR_CD.alt.harmo.ma	/data/l2_bioinfo1/lyul1/IBD/SMR/xQTLs_harmonized/EUR/Expr/UVA_Expr.cis_qtl_pairs.allchr	/data/l2_bioinfo1/lyul1/IBD/SMR/smr_res/CD/EUR/UVA_Expr/ENSG00000270210	""	mkdir -p '/data/l2_bioinfo1/lyul1/IBD/SMR/smr_res/CD/EUR/UVA_Expr' && '/data/l2_bioinfo1/lyul1/tools/smr-1.4.1-linux-x86_64/smr' --bfile '/data/l2_bioinfo1/lyul1/Reference/1KG_hg38/allsamples/EUR/processed/no.dup/chr2.EUR' --gwas-summary '/data/l2_bioinfo1/lyul1/IBD/metal_update/withUKB/gc_0.01/GC_Final/processed/forsmr_afreq/EUR_CD.alt.harmo.ma' --beqtl-summary '/data/l2_bioinfo1/lyul1/IBD/SMR/xQTLs_harmonized/EUR/Expr/UVA_Expr.cis_qtl_pairs.allchr' --heidi-min-m 3 --diff-freq-prop 0.5 --target-snp 'rs7562' --out '/data/l2_bioinfo1/lyul1/IBD/SMR/smr_res/CD/EUR/UVA_Expr/ENSG00000270210'	RP11-373D23.3	TWAS	ENSG00000270210
Expr	all_gene_tss.CD.EUR.UVA_Expr.ENSG00000272140	CD	EUR	UVA_Expr	ENSG00000272140	ENSG00000272140	10	72713581	74713581	rs3870406	1.44388139870298e-08	/data/l2_bioinfo1/lyul1/Reference/1KG_hg38/allsamples/EUR/processed/no.dup/chr10.EUR	/data/l2_bioinfo1/lyul1/IBD/metal_update/withUKB/gc_0.01/GC_Final/processed/forsmr_afreq/EUR_CD.alt.harmo.ma	/data/l2_bioinfo1/lyul1/IBD/SMR/xQTLs_harmonized/EUR/Expr/UVA_Expr.cis_qtl_pairs.allchr	/data/l2_bioinfo1/lyul1/IBD/SMR/smr_res/CD/EUR/UVA_Expr/ENSG00000272140	""	mkdir -p '/data/l2_bioinfo1/lyul1/IBD/SMR/smr_res/CD/EUR/UVA_Expr' && '/data/l2_bioinfo1/lyul1/tools/smr-1.4.1-linux-x86_64/smr' --bfile '/data/l2_bioinfo1/lyul1/Reference/1KG_hg38/allsamples/EUR/processed/no.dup/chr10.EUR' --gwas-summary '/data/l2_bioinfo1/lyul1/IBD/metal_update/withUKB/gc_0.01/GC_Final/processed/forsmr_afreq/EUR_CD.alt.harmo.ma' --beqtl-summary '/data/l2_bioinfo1/lyul1/IBD/SMR/xQTLs_harmonized/EUR/Expr/UVA_Expr.cis_qtl_pairs.allchr' --heidi-min-m 3 --diff-freq-prop 0.5 --target-snp 'rs3870406' --out '/data/l2_bioinfo1/lyul1/IBD/SMR/smr_res/CD/EUR/UVA_Expr/ENSG00000272140'	RP11-574K11.29	TWAS	ENSG00000272140
Expr	all_gene_tss.CD.EUR.UVA_Expr.ENSG00000279370	CD	EUR	UVA_Expr	ENSG00000279370	ENSG00000279370	5	130261607	132261607	rs2108392	1.30082999597619e-13	/data/l2_bioinfo1/lyul1/Reference/1KG_hg38/allsamples/EUR/processed/no.dup/chr5.EUR	/data/l2_bioinfo1/lyul1/IBD/metal_update/withUKB/gc_0.01/GC_Final/processed/forsmr_afreq/EUR_CD.alt.harmo.ma	/data/l2_bioinfo1/lyul1/IBD/SMR/xQTLs_harmonized/EUR/Expr/UVA_Expr.cis_qtl_pairs.allchr	/data/l2_bioinfo1/lyul1/IBD/SMR/smr_res/CD/EUR/UVA_Expr/ENSG00000279370	""	mkdir -p '/data/l2_bioinfo1/lyul1/IBD/SMR/smr_res/CD/EUR/UVA_Expr' && '/data/l2_bioinfo1/lyul1/tools/smr-1.4.1-linux-x86_64/smr' --bfile '/data/l2_bioinfo1/lyul1/Reference/1KG_hg38/allsamples/EUR/processed/no.dup/chr5.EUR' --gwas-summary '/data/l2_bioinfo1/lyul1/IBD/metal_update/withUKB/gc_0.01/GC_Final/processed/forsmr_afreq/EUR_CD.alt.harmo.ma' --beqtl-summary '/data/l2_bioinfo1/lyul1/IBD/SMR/xQTLs_harmonized/EUR/Expr/UVA_Expr.cis_qtl_pairs.allchr' --heidi-min-m 3 --diff-freq-prop 0.5 --target-snp 'rs2108392' --out '/data/l2_bioinfo1/lyul1/IBD/SMR/smr_res/CD/EUR/UVA_Expr/ENSG00000279370'	RP1-247F3.1	TWAS	ENSG00000279370
Expr	all_gene_tss.CD.EUR.UVA_Expr.ENSG00000283286	CD	EUR	UVA_Expr	ENSG00000283286	ENSG00000283286	5	39411184	41411184	rs1373692	1.90712719702948e-31	/data/l2_bioinfo1/lyul1/Reference/1KG_hg38/allsamples/EUR/processed/no.dup/chr5.EUR	/data/l2_bioinfo1/lyul1/IBD/metal_update/withUKB/gc_0.01/GC_Final/processed/forsmr_afreq/EUR_CD.alt.harmo.ma	/data/l2_bioinfo1/lyul1/IBD/SMR/xQTLs_harmonized/EUR/Expr/UVA_Expr.cis_qtl_pairs.allchr	/data/l2_bioinfo1/lyul1/IBD/SMR/smr_res/CD/EUR/UVA_Expr/ENSG00000283286	""	mkdir -p '/data/l2_bioinfo1/lyul1/IBD/SMR/smr_res/CD/EUR/UVA_Expr' && '/data/l2_bioinfo1/lyul1/tools/smr-1.4.1-linux-x86_64/smr' --bfile '/data/l2_bioinfo1/lyul1/Reference/1KG_hg38/allsamples/EUR/processed/no.dup/chr5.EUR' --gwas-summary '/data/l2_bioinfo1/lyul1/IBD/metal_update/withUKB/gc_0.01/GC_Final/processed/forsmr_afreq/EUR_CD.alt.harmo.ma' --beqtl-summary '/data/l2_bioinfo1/lyul1/IBD/SMR/xQTLs_harmonized/EUR/Expr/UVA_Expr.cis_qtl_pairs.allchr' --heidi-min-m 3 --diff-freq-prop 0.5 --target-snp 'rs1373692' --out '/data/l2_bioinfo1/lyul1/IBD/SMR/smr_res/CD/EUR/UVA_Expr/ENSG00000283286'	RP11-386E5.1	TWAS	ENSG00000283286
